{
  "pools": [
    {
      "rolls": 1,
      "entries": [
        {
          "type": "item",
          "name": "minecraft:diamond_sword",
          "weight": 1,
          "functions": [
            {
              "function": "enchant_randomly",
              "enchantments": [
                "sharpness",
                "smite",
                "bane_of_arthropods",
                "fire_aspect",
                "knockback",
                "sweeping"
              ]
            }
          ]
        },
        {
          "type": "item",
          "name": "minecraft:diamond_shovel",
          "weight": 1,
          "functions": [
            {
              "function": "enchant_randomly",
              "enchantments": [
                "efficiency"
              ]
            }
          ]
        },
        {
          "type": "item",
          "name": "minecraft:diamond_pickaxe",
          "weight": 1,
          "functions": [
            {
              "function": "enchant_randomly",
              "enchantments": [
                "efficiency",
                "fortune"
              ]
            }
          ]
        },
        {
          "type": "item",
          "name": "minecraft:diamond_axe",
          "weight": 1,
          "functions": [
            {
              "function": "enchant_randomly",
              "enchantments": [
                "sharpness",
                "fire_aspect",
                "efficiency"
              ]
            }
          ]
        },
        {
          "type": "item",
          "name": "minecraft:iron_sword",
          "weight": 1,
          "functions": [
            {
              "function": "enchant_randomly",
              "enchantments": [
                "sharpness",
                "smite",
                "bane_of_arthropods",
                "fire_aspect",
                "knockback",
                "sweeping"
              ]
            }
          ]
        },
        {
          "type": "item",
          "name": "minecraft:iron_shovel",
          "weight": 1,
          "functions": [
            {
              "function": "enchant_randomly",
              "enchantments": [
                "efficiency"
              ]
            }
          ]
        },
        {
          "type": "item",
          "name": "minecraft:iron_pickaxe",
          "weight": 1,
          "functions": [
            {
              "function": "enchant_randomly",
              "enchantments": [
                "efficiency",
                "fortune"
              ]
            }
          ]
        },
        {
          "type": "item",
          "name": "minecraft:iron_axe",
          "weight": 1,
          "functions": [
            {
              "function": "enchant_randomly",
              "enchantments": [
                "sharpness",
                "fire_aspect",
                "efficiency"
              ]
            }
          ]
        },
        {
          "type": "item",
          "name": "minecraft:golden_sword",
          "weight": 1,
          "functions": [
            {
              "function": "enchant_randomly",
              "enchantments": [
                "sharpness",
                "smite",
                "bane_of_arthropods",
                "fire_aspect",
                "knockback",
                "sweeping"
              ]
            }
          ]
        },
        {
          "type": "item",
          "name": "minecraft:golden_shovel",
          "weight": 1,
          "functions": [
            {
              "function": "enchant_randomly",
              "enchantments": [
                "efficiency"
              ]
            }
          ]
        },
        {
          "type": "item",
          "name": "minecraft:golden_pickaxe",
          "weight": 1,
          "functions": [
            {
              "function": "enchant_randomly",
              "enchantments": [
                "efficiency",
                "fortune",
                "silk_touch"
              ],
                "conditions": [
                {
                  "condition": "minecraft:random_chance",
                  "chance": 0.3
                }
              ]
            }
          ]
        },
        {
          "type": "item",
          "name": "minecraft:golden_axe",
          "weight": 1,
          "functions": [
            {
              "function": "enchant_randomly",
              "enchantments": [
                "sharpness",
                "fire_aspect",
                "efficiency"
              ]
            }
          ]
        },
        {
          "type": "item",
          "name": "minecraft:golden_helmet",
          "weight": 1,
          "functions": [
            {
              "function": "enchant_randomly",
              "enchantments": [
                "protection",
                "blast_protection",
                "fire_protection",
                "aqua_affinity"
              ]
            }
          ]
        },
        {
          "type": "item",
          "name": "minecraft:chainmail_helmet",
          "weight": 1,
          "functions": [
            {
              "function": "enchant_randomly",
              "enchantments": [
                "protection",
                "blast_protection",
                "fire_protection",
                "aqua_affinity"
              ]
            }
          ]
        },
        {
          "type": "item",
          "name": "minecraft:iron_helmet",
          "weight": 1,
          "functions": [
            {
              "function": "enchant_randomly",
              "enchantments": [
                "protection",
                "blast_protection",
                "fire_protection",
                "aqua_affinity"
              ]
            }
          ]
        },
        {
          "type": "item",
          "name": "minecraft:diamond_helmet",
          "weight": 1,
          "functions": [
            {
              "function": "enchant_randomly",
              "enchantments": [
                "protection",
                "blast_protection",
                "fire_protection",
                "aqua_affinity"
              ]
            }
          ]
        }
      ]
    }
  ]
}