{
  "incantationem:swine_bane": {
    "orderIndex": 42,
    "color": 12915514
  },
  "mcda:heal_allies": {
    "orderIndex": 104,
    "color": 12915514
  },
  "fabricenchantments:experience": {
    "orderIndex": 117,
    "color": 12915514
  },
  "gobber2:untouchable": {
    "orderIndex": 132,
    "color": 12915514
  },
  "minecraft:thorns": {
    "orderIndex": 7,
    "color": 5639435
  },
  "minecraft:sweeping": {
    "orderIndex": 18,
    "color": 16757505
  },
  "betterend:end_veil": {
    "orderIndex": 128,
    "color": 12915514
  },
  "mcdw:growing": {
    "orderIndex": 86,
    "color": 12915514
  },
  "mcda:fire_focus": {
    "orderIndex": 100,
    "color": 12915514
  },
  "mcda:frenzied": {
    "orderIndex": 103,
    "color": 12915514
  },
  "mcdw:ambush": {
    "orderIndex": 56,
    "color": 12915514
  },
  "mcdw:tempo_theft": {
    "orderIndex": 92,
    "color": 12915514
  },
  "mcda:poison_focus": {
    "orderIndex": 105,
    "color": 12915514
  },
  "mcdw:void_shot": {
    "orderIndex": 93,
    "color": 12915514
  },
  "minecraft:frost_walker": {
    "orderIndex": 9,
    "color": 9483519
  },
  "fabricenchantments:tank": {
    "orderIndex": 125,
    "color": 12915514
  },
  "charm:aerial_affinity": {
    "orderIndex": 53,
    "color": 12915514
  },
  "mcdw:replenish": {
    "orderIndex": 90,
    "color": 12915514
  },
  "minecraft:punch": {
    "orderIndex": 24,
    "color": 6314848
  },
  "minecraft:sharpness": {
    "orderIndex": 12,
    "color": 12915514
  },
  "mcdw:enigma_resonator": {
    "orderIndex": 61,
    "color": 12915514
  },
  "mcda:swiftfooted": {
    "orderIndex": 111,
    "color": 12915514
  },
  "minecraft:efficiency": {
    "orderIndex": 19,
    "color": 16773476
  },
  "incantationem:last_stand": {
    "orderIndex": 46,
    "color": 12915514
  },
  "mcdw:void_strike": {
    "orderIndex": 80,
    "color": 12915514
  },
  "mcda:surprise_gift": {
    "orderIndex": 110,
    "color": 12915514
  },
  "minecraft:lure": {
    "orderIndex": 28,
    "color": 16711680
  },
  "minecraft:fire_aspect": {
    "orderIndex": 16,
    "color": 16741654
  },
  "mcdw:gravity": {
    "orderIndex": 64,
    "color": 12915514
  },
  "fabricenchantments:ice_aspect": {
    "orderIndex": 119,
    "color": 12915514
  },
  "minecraft:piercing": {
    "orderIndex": 35,
    "color": 3373904
  },
  "artifality:sliding_curse": {
    "orderIndex": 136,
    "color": 12915514
  },
  "things:retribution": {
    "orderIndex": 55,
    "color": 12915514
  },
  "mcda:burning": {
    "orderIndex": 95,
    "color": 12915514
  },
  "mcdw:rushdown": {
    "orderIndex": 73,
    "color": 12915514
  },
  "minecraft:riptide": {
    "orderIndex": 31,
    "color": 11325425
  },
  "fabricenchantments:ender_mind": {
    "orderIndex": 116,
    "color": 12915514
  },
  "mcdw:weakening": {
    "orderIndex": 81,
    "color": 12915514
  },
  "minecraft:fortune": {
    "orderIndex": 22,
    "color": 16758363
  },
  "minecraft:knockback": {
    "orderIndex": 15,
    "color": 6314848
  },
  "minecraft:mending": {
    "orderIndex": 36,
    "color": 13303649
  },
  "minecraft:aqua_affinity": {
    "orderIndex": 6,
    "color": 7240439
  },
  "mcda:recycler": {
    "orderIndex": 108,
    "color": 12915514
  },
  "fabricenchantments:pumpkin_head": {
    "orderIndex": 126,
    "color": 12915514
  },
  "mcda:chilling": {
    "orderIndex": 96,
    "color": 12915514
  },
  "incantationem:charmed": {
    "orderIndex": 43,
    "color": 12915514
  },
  "mcdw:fuse_shot": {
    "orderIndex": 85,
    "color": 12915514
  },
  "bewitchment:magic_protection": {
    "orderIndex": 51,
    "color": 12915514
  },
  "minecraft:vanishing_curse": {
    "orderIndex": 37,
    "color": 1511968
  },
  "gobber2:rebuffing": {
    "orderIndex": 131,
    "color": 12915514
  },
  "mcdw:jungle_poison": {
    "orderIndex": 67,
    "color": 12915514
  },
  "mcdw:radiance": {
    "orderIndex": 70,
    "color": 12915514
  },
  "mcda:snowball": {
    "orderIndex": 109,
    "color": 12915514
  },
  "minecraft:depth_strider": {
    "orderIndex": 8,
    "color": 10279935
  },
  "minecraft:soul_speed": {
    "orderIndex": 11,
    "color": 4273196
  },
  "minecraft:loyalty": {
    "orderIndex": 29,
    "color": 7259313
  },
  "incantationem:recklessness": {
    "orderIndex": 38,
    "color": 12915514
  },
  "mcdw:refreshment": {
    "orderIndex": 72,
    "color": 12915514
  },
  "mcdw:rampaging": {
    "orderIndex": 71,
    "color": 12915514
  },
  "farmersdelight:backstabbing": {
    "orderIndex": 129,
    "color": 12915514
  },
  "fabricenchantments:sugar_rush": {
    "orderIndex": 124,
    "color": 12915514
  },
  "artifality:lunar_damage": {
    "orderIndex": 137,
    "color": 12915514
  },
  "minecraft:protection": {
    "orderIndex": 0,
    "color": 10858436
  },
  "mcdw:committed": {
    "orderIndex": 59,
    "color": 12915514
  },
  "mcdw:illagers_bane": {
    "orderIndex": 66,
    "color": 12915514
  },
  "minecraft:multishot": {
    "orderIndex": 33,
    "color": 16757505
  },
  "incantationem:magnetic": {
    "orderIndex": 47,
    "color": 12915514
  },
  "mcdw:exploding": {
    "orderIndex": 62,
    "color": 12915514
  },
  "mcdw:shockwave": {
    "orderIndex": 74,
    "color": 12915514
  },
  "minecraft:luck_of_the_sea": {
    "orderIndex": 27,
    "color": 4974672
  },
  "mcda:deflect": {
    "orderIndex": 99,
    "color": 12915514
  },
  "minecraft:feather_falling": {
    "orderIndex": 2,
    "color": 16773329
  },
  "minecraft:flame": {
    "orderIndex": 25,
    "color": 16741654
  },
  "fabricenchantments:god_of_the_sea": {
    "orderIndex": 127,
    "color": 12915514
  },
  "minecraft:binding_curse": {
    "orderIndex": 10,
    "color": 2575646
  },
  "incantationem:reaping_rod": {
    "orderIndex": 48,
    "color": 12915514
  },
  "incantationem:retreat": {
    "orderIndex": 49,
    "color": 12915514
  },
  "mcdw:charge": {
    "orderIndex": 84,
    "color": 12915514
  },
  "mcdw:ricochet": {
    "orderIndex": 91,
    "color": 12915514
  },
  "minecraft:projectile_protection": {
    "orderIndex": 4,
    "color": 13422037
  },
  "incantationem:tough_luck": {
    "orderIndex": 40,
    "color": 12915514
  },
  "mcdw:freezing": {
    "orderIndex": 63,
    "color": 12915514
  },
  "mcda:food_reserves": {
    "orderIndex": 102,
    "color": 12915514
  },
  "minecraft:smite": {
    "orderIndex": 13,
    "color": 12541742
  },
  "gobber2:solidfooting": {
    "orderIndex": 135,
    "color": 12915514
  },
  "mcda:cowardice": {
    "orderIndex": 97,
    "color": 12915514
  },
  "incantationem:thunder": {
    "orderIndex": 39,
    "color": 12915514
  },
  "mcda:bag_of_souls": {
    "orderIndex": 94,
    "color": 12915514
  },
  "mcda:fire_trail": {
    "orderIndex": 101,
    "color": 12915514
  },
  "gobber2:blinders": {
    "orderIndex": 134,
    "color": 12915514
  },
  "incantationem:forging_touch": {
    "orderIndex": 45,
    "color": 12915514
  },
  "mcdw:prospector": {
    "orderIndex": 69,
    "color": 12915514
  },
  "fabricenchantments:auto_smelt": {
    "orderIndex": 113,
    "color": 12915514
  },
  "gobber2:faster_obsidian": {
    "orderIndex": 133,
    "color": 12915514
  },
  "mcdw:guarding_strike": {
    "orderIndex": 65,
    "color": 12915514
  },
  "mcdw:refreshment_shot": {
    "orderIndex": 89,
    "color": 12915514
  },
  "mcda:death_barter": {
    "orderIndex": 98,
    "color": 12915514
  },
  "mcda:reckless": {
    "orderIndex": 107,
    "color": 12915514
  },
  "incantationem:decay": {
    "orderIndex": 44,
    "color": 12915514
  },
  "charm:collection": {
    "orderIndex": 54,
    "color": 12915514
  },
  "mcda:potion_barrier": {
    "orderIndex": 106,
    "color": 12915514
  },
  "minecraft:unbreaking": {
    "orderIndex": 21,
    "color": 6042448
  },
  "minecraft:quick_charge": {
    "orderIndex": 34,
    "color": 16711680
  },
  "origins:water_protection": {
    "orderIndex": 52,
    "color": 12915514
  },
  "mcdw:bonus_shot": {
    "orderIndex": 82,
    "color": 12915514
  },
  "minecraft:fire_protection": {
    "orderIndex": 1,
    "color": 12888741
  },
  "mcdw:radiance_shot": {
    "orderIndex": 88,
    "color": 12915514
  },
  "minecraft:power": {
    "orderIndex": 23,
    "color": 12915514
  },
  "fabricenchantments:double_swing": {
    "orderIndex": 115,
    "color": 12915514
  },
  "mcdw:stunning": {
    "orderIndex": 77,
    "color": 12915514
  },
  "mcdw:critical_hit": {
    "orderIndex": 57,
    "color": 12915514
  },
  "mcdw:leeching": {
    "orderIndex": 68,
    "color": 12915514
  },
  "fabricenchantments:poison_aspect": {
    "orderIndex": 121,
    "color": 12915514
  },
  "mcdw:echo": {
    "orderIndex": 60,
    "color": 12915514
  },
  "mcdw:levitation_shot": {
    "orderIndex": 87,
    "color": 12915514
  },
  "fabricenchantments:beheading": {
    "orderIndex": 114,
    "color": 12915514
  },
  "minecraft:blast_protection": {
    "orderIndex": 3,
    "color": 4468322
  },
  "minecraft:impaling": {
    "orderIndex": 30,
    "color": 12915514
  },
  "fabricenchantments:sniper": {
    "orderIndex": 123,
    "color": 12915514
  },
  "minecraft:bane_of_arthropods": {
    "orderIndex": 14,
    "color": 1003872
  },
  "incantationem:venomous": {
    "orderIndex": 50,
    "color": 12915514
  },
  "minecraft:silk_touch": {
    "orderIndex": 20,
    "color": 16777215
  },
  "minecraft:looting": {
    "orderIndex": 17,
    "color": 16758363
  },
  "mcdw:chain_reaction": {
    "orderIndex": 83,
    "color": 12915514
  },
  "incantationem:bunnys_hop": {
    "orderIndex": 41,
    "color": 12915514
  },
  "fabricenchantments:paralysis": {
    "orderIndex": 120,
    "color": 12915514
  },
  "mcdw:soul_siphon": {
    "orderIndex": 76,
    "color": 12915514
  },
  "minecraft:respiration": {
    "orderIndex": 5,
    "color": 8050175
  },
  "mcdw:chains": {
    "orderIndex": 58,
    "color": 12915514
  },
  "mcdw:smiting": {
    "orderIndex": 75,
    "color": 12915514
  },
  "mcdw:thundering": {
    "orderIndex": 79,
    "color": 12915514
  },
  "minecraft:infinity": {
    "orderIndex": 26,
    "color": 8084455
  },
  "gofish:deepfry": {
    "orderIndex": 112,
    "color": 12915514
  },
  "fabricenchantments:rise": {
    "orderIndex": 122,
    "color": 12915514
  },
  "gobber2:smithblade": {
    "orderIndex": 130,
    "color": 12915514
  },
  "mcdw:swirling": {
    "orderIndex": 78,
    "color": 12915514
  },
  "fabricenchantments:god_of_thunder": {
    "orderIndex": 118,
    "color": 12915514
  },
  "harvest_scythes:crop_reaper": {
    "orderIndex": 138,
    "color": 12915514
  },
  "minecraft:channeling": {
    "orderIndex": 32,
    "color": 11466239
  },
  "soulbound:soulbound": {
    "orderIndex": 139,
    "color": 12915514
  },
  "mcdw:anima_conduit": {
    "orderIndex": 140,
    "color": 12915514
  },
  "mcdw:poison_cloud": {
    "orderIndex": 141,
    "color": 12915514
  },
  "artifality:volatile_curse": {
    "orderIndex": 142,
    "color": 12915514
  },
  "fabricenchantments:consumer": {
    "orderIndex": 143,
    "color": 12915514
  },
  "fabricenchantments:nocturnal": {
    "orderIndex": 144,
    "color": 12915514
  },
  "veinmining:vein_mining": {
    "orderIndex": 145,
    "color": 12915514
  },
  "mcdw:cobweb_shot": {
    "orderIndex": 146,
    "color": 12915514
  },
  "mcdw:phantoms_mark": {
    "orderIndex": 147,
    "color": 12915514
  },
  "fabricenchantments:shotgun": {
    "orderIndex": 148,
    "color": 12915514
  },
  "fabricenchantments:glimmering": {
    "orderIndex": 149,
    "color": 12915514
  },
  "mcdar:beast_boss": {
    "orderIndex": 150,
    "color": 12915514
  },
  "mcdar:beast_burst": {
    "orderIndex": 151,
    "color": 12915514
  },
  "mcdar:beast_surge": {
    "orderIndex": 152,
    "color": 12915514
  },
  "mcdar:cooldown": {
    "orderIndex": 153,
    "color": 12915514
  },
  "crookedcrooks:thorns_curse": {
    "orderIndex": 154,
    "color": 12915514
  },
  "lacrimis:warded": {
    "orderIndex": 155,
    "color": 12915514
  },
  "neutrino:life_steal": {
    "orderIndex": 156,
    "color": 12915514
  },
  "gobber2:quickuse": {
    "orderIndex": 157,
    "color": 12915514
  }
}