{
  "pools": [
    {
      "rolls": 1,
      "entries": [
        {
          "type": "item",
          "name": "minecraft:diamond_sword",
          "weight": 1,
          "functions": [
            {
              "function": "enchant_randomly",
              "enchantments": [
                "sharpness",
                "smite",
                "bane_of_arthropods",
                "fire_aspect",
                "knockback",
                "sweeping"
              ]
            }
          ]
        }
      ]
    }
  ]
}