{
  "pools": [
    {
      "rolls": 1,
      "entries": [
        {
          "type": "item",
          "name": "mcdw:sword_diamond_sword_var",
          "weight": 1,
          "functions": [
            {
              "function": "enchant_randomly",
              "enchantments": [
                "sharpness",
                "smite",
                "bane_of_arthropods",
                "fire_aspect",
                "knockback",
                "sweeping"
              ]
            }
          ]
        },
        {
          "type": "item",
          "name": "minecraft:diamond_shovel",
          "weight": 1,
          "functions": [
            {
              "function": "enchant_randomly",
              "enchantments": [
                "efficiency"
              ]
            }
          ]
        },
        {
          "type": "item",
          "name": "minecraft:diamond_pickaxe",
          "weight": 1,
          "functions": [
            {
              "function": "enchant_randomly",
              "enchantments": [
                "efficiency",
                "silk_touch",
                "unbreaking",
                "fortune"
              ],
              "conditions": [
                {
                  "condition": "minecraft:random_chance",
                  "chance": 0.25
                }
              ]
            }
          ]
        },
        {
          "type": "item",
          "name": "minecraft:diamond_axe",
          "weight": 1,
          "functions": [
            {
              "function": "enchant_randomly",
              "enchantments": [
                "sharpness",
                "fire_aspect",
                "efficiency"
              ]
            }
          ]
        },
        {
          "type": "item",
          "name": "minecraft:iron_sword",
          "weight": 1,
          "functions": [
            {
              "function": "enchant_randomly",
              "enchantments": [
                "sharpness",
                "smite",
                "bane_of_arthropods",
                "fire_aspect",
                "knockback",
                "sweeping"
              ]
            }
          ]
        },
        {
          "type": "item",
          "name": "minecraft:iron_shovel",
          "weight": 1,
          "functions": [
            {
              "function": "enchant_randomly",
              "enchantments": [
                "efficiency"
              ]
            }
          ]
        },
        {
          "type": "item",
          "name": "minecraft:iron_pickaxe",
          "weight": 1,
          "functions": [
            {
              "function": "enchant_randomly",
              "enchantments": [
                "efficiency"
              ]
            }
          ]
        },
        {
          "type": "item",
          "name": "minecraft:iron_axe",
          "weight": 1,
          "functions": [
            {
              "function": "enchant_randomly",
              "enchantments": [
                "sharpness",
                "fire_aspect",
                "efficiency"
              ]
            }
          ]
        },
        {
          "type": "item",
          "name": "minecraft:golden_sword",
          "weight": 1,
          "functions": [
            {
              "function": "enchant_randomly",
              "enchantments": [
                "sharpness",
                "smite",
                "bane_of_arthropods",
                "fire_aspect",
                "knockback",
                "sweeping"
              ]
            }
          ]
        },
        {
          "type": "item",
          "name": "minecraft:golden_shovel",
          "weight": 1,
          "functions": [
            {
              "function": "enchant_randomly",
              "enchantments": [
                "efficiency"
              ]
            }
          ]
        },
        {
          "type": "item",
          "name": "minecraft:golden_pickaxe",
          "weight": 1,
          "functions": [
            {
              "function": "enchant_randomly",
              "enchantments": [
                "efficiency",
                "fortune"
              ],
              "conditions": [
                {
                  "condition": "minecraft:random_chance",
                  "chance": 0.35
                }
              ]
            }
          ]
        },
        {
          "type": "item",
          "name": "minecraft:golden_axe",
          "weight": 1,
          "functions": [
            {
              "function": "enchant_randomly",
              "enchantments": [
                "sharpness",
                "fire_aspect",
                "efficiency"
              ]
            }
          ]
        }

      ]
    }
  ]
}