{
    "type": "minecraft:chest",
    "pools": [
    {
        "rolls":
        {
            "min": 2.0,
            "max": 6.0,
            "type": "minecraft:uniform"
        },
        "entries": [
        {
            "type": "minecraft:item",
            "weight": 5,
            "functions": [
            {
                "function": "minecraft:set_count",
                "count":
                {
                    "min": 2.0,
                    "max": 7.0,
                    "type": "minecraft:uniform"
                }
            }],
            "name": "minecraft:diamond"
        },
        {
            "type": "minecraft:item",
            "weight": 15,
            "functions": [
            {
                "function": "minecraft:set_count",
                "count":
                {
                    "min": 2.0,
                    "max": 7.0,
                    "type": "minecraft:uniform"
                }
            }],
            "name": "minecraft:gold_ingot"
        },
        {
            "type": "minecraft:item",
            "weight": 2,
            "functions": [
            {
                "function": "minecraft:set_count",
                "count":
                {
                    "min": 2.0,
                    "max": 6.0,
                    "type": "minecraft:uniform"
                }
            }],
            "name": "minecraft:emerald"
        },
        {
            "type": "item",
            "weight": 1,
            "name": "doom:inmortalsphere"
        },
        {
            "type": "item",
            "weight": 1,
            "name": "doom:invisiblesphere"
        },
        {
            "type": "item",
            "weight": 1,
            "name": "doom:megasphere"
        },
        {
            "type": "item",
            "weight": 1,
            "name": "doom:powersphere"
        }]
    }]
}