{
  "name": "deepslate",
  "settings": {
    "imitate": "minecraft:deepslate"
  },
  "items_to_include": [
    "minecraft:deepslate",
    "minecraft:cobbled_deepslate",
    "minecraft:polished_deepslate",
    "minecraft:deepslate_bricks",
    "minecraft:cracked_deepslate_bricks",
    "minecraft:deepslate_tiles",
    "minecraft:cracked_deepslate_tiles",
    "minecraft:chiseled_deepslate"
  ],
  "variants": {
    "new": [
      {
        "names": [
          "array",
          "braid",
          "polished",
          "road",
          "tiles",
          "tiles_large",
          "tiles_medium",
          "tiles_small"
        ],
        "transparent": false
      }
    ]
  }
}
