{
  "commonHelmets": {
    "entries": {
      "chainmail_helmet": 0.3,
      "iron_helmet": 0.3,
      "leather_helmet": 0.1,
      "carved_pumpkin": 0.01
    },
    "defaultItem": "air"
  },
  "rareHelmets": {
    "entries": {
      "diamond_helmet": 0.3,
      "carved_pumpkin": 0.2
    },
    "defaultItem": "air"
  },
  "commonChestplates": {
    "entries": {
      "iron_chestplate": 0.3,
      "chainmail_chestplate": 0.3,
      "leather_chestplate": 0.1
    },
    "defaultItem": "air"
  },
  "rareChestplates": {
    "entries": {
      "diamond_chestplate": 0.3
    },
    "defaultItem": "air"
  },
  "commonLeggings": {
    "entries": {
      "iron_leggings": 0.3,
      "leather_leggings": 0.1,
      "chainmail_leggings": 0.3
    },
    "defaultItem": "air"
  },
  "rareLeggings": {
    "entries": {
      "diamond_leggings": 0.3
    },
    "defaultItem": "air"
  },
  "commonBoots": {
    "entries": {
      "iron_boots": 0.3,
      "leather_boots": 0.1,
      "chainmail_boots": 0.3
    },
    "defaultItem": "air"
  },
  "rareBoots": {
    "entries": {
      "diamond_boots": 0.3
    },
    "defaultItem": "air"
  }
}