{
  "items": {
    "black_apple[def: true]": true,
    "stalagnate_bowl[def: true]": true,
    "stalagnate_bowl_wart[def: true]": true,
    "stalagnate_bowl_mushroom[def: true]": true,
    "stalagnate_bowl_apple[def: true]": true,
    "hook_mushroom_cooked[def: true]": true,
    "cincinnasite[def: true]": true,
    "cincinnasite_ingot[def: true]": true,
    "cincinnasite_pickaxe[def: true]": true,
    "cincinnasite_pickaxe_diamond[def: true]": true,
    "cincinnasite_axe[def: true]": true,
    "cincinnasite_axe_diamond[def: true]": true,
    "cincinnasite_shovel[def: true]": true,
    "cincinnasite_shovel_diamond[def: true]": true,
    "cincinnasite_hoe[def: true]": true,
    "cincinnasite_hoe_diamond[def: true]": true,
    "cincinnasite_shears[def: true]": true,
    "cincinnasite_helmet[def: true]": true,
    "cincinnasite_chestplate[def: true]": true,
    "cincinnasite_leggings[def: true]": true,
    "cincinnasite_boots[def: true]": true,
    "cincinnasite_sword[def: true]": true,
    "cincinnasite_sword_diamond[def: true]": true,
    "nether_ruby[def: true]": true,
    "nether_ruby_pickaxe[def: true]": true,
    "nether_ruby_axe[def: true]": true,
    "nether_ruby_shovel[def: true]": true,
    "nether_ruby_hoe[def: true]": true,
    "nether_ruby_sword[def: true]": true,
    "nether_ruby_helmet[def: true]": true,
    "nether_ruby_chestplate[def: true]": true,
    "nether_ruby_leggings[def: true]": true,
    "nether_ruby_boots[def: true]": true,
    "cincinnasite_hammer[def: true]": true,
    "cincinnasite_hammer_diamond[def: true]": true,
    "nether_ruby_hammer[def: true]": true,
    "cincinnasite_excavator[def: true]": true,
    "cincinnasite_excavator_diamond[def: true]": true,
    "nether_ruby_excavator[def: true]": true,
    "spawn_egg_firefly[def: true]": true,
    "spawn_egg_hydrogen_jellyfish[def: true]": true,
    "spawn_egg_naga[def: true]": true,
    "spawn_egg_flying_pig[def: true]": true,
    "spawn_egg_jungle_skeleton[def: true]": true,
    "spawn_egg_skull[def: true]": true,
    "glowstone_pile[def: true]": true,
    "lapis_pile[def: true]": true,
    "agave_leaf[def: true]": true,
    "agave_medicine[def: true]": true,
    "herbal_medicine[def: true]": true,
    "black_apple [default: true]": true,
    "stalagnate_bowl [default: true]": true,
    "stalagnate_bowl_wart [default: true]": true,
    "stalagnate_bowl_mushroom [default: true]": true,
    "stalagnate_bowl_apple [default: true]": true,
    "hook_mushroom_cooked [default: true]": true,
    "cincinnasite [default: true]": true,
    "cincinnasite_ingot [default: true]": true,
    "cincinnasite_pickaxe [default: true]": true,
    "cincinnasite_pickaxe_diamond [default: true]": true,
    "cincinnasite_axe [default: true]": true,
    "cincinnasite_axe_diamond [default: true]": true,
    "cincinnasite_shovel [default: true]": true,
    "cincinnasite_shovel_diamond [default: true]": true,
    "cincinnasite_hoe [default: true]": true,
    "cincinnasite_hoe_diamond [default: true]": true,
    "cincinnasite_shears [default: true]": true,
    "cincinnasite_helmet [default: true]": true,
    "cincinnasite_chestplate [default: true]": true,
    "cincinnasite_leggings [default: true]": true,
    "cincinnasite_boots [default: true]": true,
    "cincinnasite_sword [default: true]": true,
    "cincinnasite_sword_diamond [default: true]": true,
    "nether_ruby [default: true]": true,
    "nether_ruby_pickaxe [default: true]": true,
    "nether_ruby_axe [default: true]": true,
    "nether_ruby_shovel [default: true]": true,
    "nether_ruby_hoe [default: true]": true,
    "nether_ruby_sword [default: true]": true,
    "nether_ruby_helmet [default: true]": true,
    "nether_ruby_chestplate [default: true]": true,
    "nether_ruby_leggings [default: true]": true,
    "nether_ruby_boots [default: true]": true,
    "cincinnasite_hammer [default: true]": true,
    "cincinnasite_hammer_diamond [default: true]": true,
    "nether_ruby_hammer [default: true]": true,
    "cincinnasite_excavator [default: true]": true,
    "cincinnasite_excavator_diamond [default: true]": true,
    "nether_ruby_excavator [default: true]": true,
    "glowstone_pile [default: true]": true,
    "lapis_pile [default: true]": true,
    "agave_leaf [default: true]": true,
    "agave_medicine [default: true]": true,
    "herbal_medicine [default: true]": true,
    "spawn_egg_firefly [default: true]": true,
    "spawn_egg_hydrogen_jellyfish [default: true]": true,
    "spawn_egg_naga [default: true]": true,
    "spawn_egg_flying_pig [default: true]": true,
    "spawn_egg_jungle_skeleton [default: true]": true,
    "spawn_egg_skull [default: true]": true
  },
  "tools": {
    "cincinnasite_shears [default: true]": true,
    "cincinnasite_pickaxe [default: true]": true,
    "cincinnasite_pickaxe_diamond [default: true]": true,
    "cincinnasite_axe [default: true]": true,
    "cincinnasite_axe_diamond [default: true]": true,
    "cincinnasite_shovel [default: true]": true,
    "cincinnasite_shovel_diamond [default: true]": true,
    "cincinnasite_hoe [default: true]": true,
    "cincinnasite_hoe_diamond [default: true]": true,
    "nether_ruby_pickaxe [default: true]": true,
    "nether_ruby_axe [default: true]": true,
    "nether_ruby_shovel [default: true]": true,
    "nether_ruby_hoe [default: true]": true
  }
}