{
  "mobs": {
    "firefly[def: true]": true,
    "hydrogen_jellyfish[def: true]": true,
    "naga[def: true]": true,
    "flying_pig[def: true]": true,
    "jungle_skeleton[def: true]": false,
    "skull[def: true]": true,
    "chair[def: true]": true,
    "spawn_egg_firefly [default: true]": true,
    "spawn_egg_hydrogen_jellyfish [default: true]": true,
    "spawn_egg_naga [default: true]": true,
    "spawn_egg_flying_pig [default: true]": true,
    "spawn_egg_jungle_skeleton [default: true]": true,
    "spawn_egg_skull [default: true]": true,
    "chair [default: true]": true
  },
  "firefly [default: true]": true,
  "hydrogen_jellyfish [default: true]": true,
  "naga [default: true]": true,
  "flying_pig [default: true]": true,
  "jungle_skeleton [default: true]": true,
  "skull [default: true]": true
}