{
    "values": {
        "adventurez:void_shadow": {
            "minecraft:generic.max_health": 2000.0,
            "minecraft:generic.attack_damage": 62.0,
            "minecraft:generic.armor": 26.0,
            "minecraft:generic.armor_toughness": 12.0
        },
        "adventurez:enderwarthog": {
            "minecraft:generic.max_health": 120.0,
            "minecraft:generic.attack_damage": 16.0,
            "minecraft:generic.armor": 8.0,
            "minecraft:generic.armor_toughness": 6.0
        }
    }
}