{
  "minecraft": {
    "the_end": {
      "enabled [default: true]": true,
      "hasCaves [default: true]": true
    },
    "end_midlands": {
      "enabled [default: true]": true
    },
    "end_highlands": {
      "enabled [default: true]": true
    },
    "end_barrens": {
      "enabled [default: true]": true
    },
    "small_end_islands": {
      "enabled [default: true]": true
    }
  },
  "betterend": {
    "foggy_mushroomland": {
      "fog_density [default: 3.0]": 3.0,
      "generation_chance [default: 1.0]": 1.0,
      "edge_size [default: 32]": 32,
      "enabled [default: true]": true,
      "hasCaves [default: true]": true
    },
    "chorus_forest": {
      "fog_density [default: 1.5]": 1.5,
      "generation_chance [default: 1.0]": 1.0,
      "edge_size [default: 32]": 32,
      "enabled [default: true]": true,
      "hasCaves [default: true]": true
    },
    "dust_wastelands": {
      "fog_density [default: 2.0]": 2.0,
      "generation_chance [default: 1.0]": 1.0,
      "edge_size [default: 32]": 32,
      "enabled [default: true]": true,
      "hasCaves [default: true]": true
    },
    "megalake": {
      "fog_density [default: 1.75]": 1.75,
      "generation_chance [default: 1.0]": 1.0,
      "edge_size [default: 32]": 32,
      "enabled [default: true]": true,
      "hasCaves [default: true]": true
    },
    "megalake_grove": {
      "fog_density [default: 2.0]": 2.0,
      "generation_chance [default: 1.0]": 1.0,
      "edge_size [default: 32]": 32,
      "enabled [default: true]": true,
      "hasCaves [default: true]": true
    },
    "crystal_mountains": {
      "fog_density [default: 1.0]": 1.0,
      "generation_chance [default: 1.0]": 1.0,
      "edge_size [default: 32]": 32,
      "enabled [default: true]": true,
      "hasCaves [default: true]": true
    },
    "painted_mountains": {
      "fog_density [default: 2.0]": 2.0,
      "generation_chance [default: 1.0]": 1.0,
      "edge_size [default: 32]": 32,
      "enabled [default: true]": true,
      "hasCaves [default: true]": true
    },
    "shadow_forest": {
      "fog_density [default: 2.5]": 2.5,
      "generation_chance [default: 1.0]": 1.0,
      "edge_size [default: 32]": 32,
      "enabled [default: true]": true,
      "hasCaves [default: true]": true
    },
    "amber_land": {
      "fog_density [default: 2.0]": 2.0,
      "generation_chance [default: 1.0]": 1.0,
      "edge_size [default: 32]": 32,
      "enabled [default: true]": true,
      "hasCaves [default: true]": true
    },
    "blossoming_spires": {
      "fog_density [default: 1.7]": 1.7,
      "generation_chance [default: 1.0]": 1.0,
      "edge_size [default: 32]": 32,
      "enabled [default: true]": true,
      "hasCaves [default: false]": false
    },
    "sulphur_springs": {
      "fog_density [default: 1.5]": 1.5,
      "generation_chance [default: 1.0]": 1.0,
      "edge_size [default: 32]": 32,
      "enabled [default: true]": true,
      "hasCaves [default: false]": false
    },
    "umbrella_jungle": {
      "fog_density [default: 2.3]": 2.3,
      "generation_chance [default: 1.0]": 1.0,
      "edge_size [default: 32]": 32,
      "enabled [default: true]": true,
      "hasCaves [default: true]": true
    },
    "glowing_grasslands": {
      "fog_density [default: 1.3]": 1.3,
      "generation_chance [default: 1.0]": 1.0,
      "edge_size [default: 32]": 32,
      "enabled [default: true]": true,
      "hasCaves [default: true]": true
    },
    "dragon_graveyards": {
      "fog_density [default: 1.3]": 1.3,
      "generation_chance [default: 0.1]": 0.1,
      "edge_size [default: 32]": 32,
      "enabled [default: true]": true,
      "hasCaves [default: true]": true
    },
    "dry_shrubland": {
      "fog_density [default: 1.2]": 1.2,
      "generation_chance [default: 1.0]": 1.0,
      "edge_size [default: 32]": 32,
      "enabled [default: true]": true,
      "hasCaves [default: true]": true
    },
    "lantern_woods": {
      "fog_density [default: 1.1]": 1.1,
      "generation_chance [default: 1.0]": 1.0,
      "edge_size [default: 32]": 32,
      "enabled [default: true]": true,
      "hasCaves [default: true]": true
    },
    "neon_oasis": {
      "fog_density [default: 2.0]": 2.0,
      "generation_chance [default: 0.5]": 0.5,
      "edge_size [default: 32]": 32,
      "enabled [default: true]": true,
      "hasCaves [default: true]": true
    },
    "umbra_valley": {
      "fog_density [default: 1.0]": 1.0,
      "generation_chance [default: 1.0]": 1.0,
      "edge_size [default: 32]": 32,
      "enabled [default: true]": true,
      "hasCaves [default: true]": true
    },
    "ice_starfield": {
      "fog_density [default: 2.2]": 2.2,
      "generation_chance [default: 0.25]": 0.25,
      "edge_size [default: 32]": 32,
      "enabled [default: true]": true,
      "hasCaves [default: false]": false
    },
    "empty_end_cave": {
      "fog_density [default: 2.0]": 2.0,
      "generation_chance [default: 1.0]": 1.0,
      "edge_size [default: 32]": 32,
      "enabled [default: true]": true
    },
    "empty_smaragdant_cave": {
      "fog_density [default: 2.0]": 2.0,
      "generation_chance [default: 1.0]": 1.0,
      "edge_size [default: 32]": 32,
      "enabled [default: true]": true
    },
    "lush_smaragdant_cave": {
      "fog_density [default: 2.0]": 2.0,
      "generation_chance [default: 1.0]": 1.0,
      "edge_size [default: 32]": 32,
      "enabled [default: true]": true
    },
    "empty_aurora_cave": {
      "fog_density [default: 2.0]": 2.0,
      "generation_chance [default: 1.0]": 1.0,
      "edge_size [default: 32]": 32,
      "enabled [default: true]": true
    },
    "lush_aurora_cave": {
      "fog_density [default: 2.0]": 2.0,
      "generation_chance [default: 1.0]": 1.0,
      "edge_size [default: 32]": 32,
      "enabled [default: true]": true
    },
    "jade_cave": {
      "fog_density [default: 2.0]": 2.0,
      "generation_chance [default: 1.0]": 1.0,
      "edge_size [default: 32]": 32,
      "enabled [default: true]": true
    }
  }
}