{
  "general": {
    "unsupportedDeveloperTools": false,
    "__comment": "The number of pathfinding steps that are taken per tick and per grid that is booting. Lower numbers will mean booting takes longer, but less work is done per tick.",
    "matterCannonBlockDamage": false,
    "tinyTntBlockDamage": false,
    "serverOpsIgnoreSecurity": true,
    "channels": "default",
    "pathfindingStepsPerTick": 4
  },
  "automation": {
    "formationPlaneEntityLimit": 128
  },
  "facades": {
    "__comment": "Unsupported: Allows whitelisting block entities as facades. Could work, have render issues, or corrupt your world. USE AT YOUR OWN RISK.",
    "allowBlockEntities": false
  },
  "craftingCPU": {
    "craftingCalculationTimePerTick": 5
  },
  "crafting": {
    "__comment": "Enable shift-clicking with the crafting units in hand to disassemble them.",
    "inWorldSingularity": true,
    "inWorldFluix": true,
    "inWorldCrystalGrowth": true,
    "disassemblyCrafting": true
  },
  "spatialio": {
    "spatialPowerMultiplier": 1250.0,
    "spatialPowerExponent": 1.35
  },
  "logging": {
    "securityAuditLog": false,
    "blockUpdateLog": false,
    "packetLog": false,
    "craftingLog": false,
    "debugLog": false,
    "__comment": "Enable stack trace logging for the chunk loading debug command",
    "chunkLoggerTrace": false
  },
  "battery": {
    "__comment": "The chargers charging rate factor, which is applied to the charged items charge rate. 2 means it charges everything twice as fast. 0.5 half as fast.",
    "chargerChargeRate": 1.0,
    "wirelessTerminal": 1600000,
    "chargedStaff": 8000,
    "entropyManipulator": 200000,
    "portableCell": 20000,
    "colorApplicator": 20000,
    "matterCannon": 200000
  },
  "worldGen": {
    "generateMeteorites": true,
    "__comment": "Biome IDs in which quartz ores should NOT be generated (i.e. minecraft:plains).",
    "meteoriteBiomeBlacklist": [],
    "spawnPressesInMeteorites": true,
    "generateQuartzOre": true,
    "quartzOresPerCluster": 4,
    "quartzOresClusterAmount": 20,
    "quartzOresBiomeBlacklist": []
  },
  "wireless": {
    "wirelessBaseCost": 8.0,
    "wirelessCostMultiplier": 1.0,
    "wirelessBaseRange": 16.0,
    "wirelessBoosterRangeMultiplier": 1.6,
    "wirelessBoosterExp": 1.5,
    "wirelessHighWirelessCount": 64.0,
    "wirelessTerminalDrainMultiplier": 1.0
  },
  "PortableCells": {
    "__comment": "Allow disassembly of portable cells into the recipe ingredients using shift+right-click",
    "allowDisassembly": true
  },
  "PowerRatios": {
    "TechReborn": 2.0,
    "UsageMultiplier": 1.0
  },
  "Condenser": {
    "MatterBalls": 256,
    "Singularity": 256000
  },
  "tickRates": {
    "__comment": " Min / Max Tickrates for dynamic ticking, most of these components also use sleeping, to prevent constant ticking, adjust with care, non standard rates are not supported or tested.",
    "InterfaceMin": 5,
    "InterfaceMax": 120,
    "ImportBusMin": 5,
    "ImportBusMax": 40,
    "ExportBusMin": 5,
    "ExportBusMax": 60,
    "AnnihilationPlaneMin": 2,
    "AnnihilationPlaneMax": 120,
    "METunnelMin": 5,
    "METunnelMax": 20,
    "InscriberMin": 1,
    "InscriberMax": 1,
    "ChargerMin": 10,
    "ChargerMax": 120,
    "IOPortMin": 1,
    "IOPortMax": 5,
    "VibrationChamberMin": 10,
    "VibrationChamberMax": 40,
    "StorageBusMin": 5,
    "StorageBusMax": 60,
    "ItemTunnelMin": 5,
    "ItemTunnelMax": 60,
    "LightTunnelMin": 5,
    "LightTunnelMax": 60
  },
  "inWorldCrystalGrowth": {
    "__comment": "The speed multiplier to use when the crystals are submerged in the improved fluid.",
    "improvedFluidTag": "",
    "improvedFluidMultiplier": 2.0
  }
}