{
  "modId": "betternether",
  "group": {
    "name": "BetterNether Soil",
    "enabledByDefault": true,
    "defaultPayment": {
      "item": "minecraft:diamond"
    },
    "defaultCategory": "farmingforblockheads:other"
  },
  "customEntries": [
    {
      "output": "betternether:netherrack_moss"
    },
    {
      "output": "betternether:mushroom_grass"
    },
    {
      "output": "betternether:sepia_mushroom_grass"
    },
    {
      "output": "betternether:swampland_grass"
    },
    {
      "output": "betternether:farmland"
    },
    {
      "output": "betternether:ceiling_mushrooms"
    }
  ]
}