{
  "version": 5,
  "GildedNetherite": true,
  "Wrench": true,
  "AmethystLamp": false,
  "NoteBlockAmethystSounds": true,
  "EnchantmentPrecision": true,
  "EnchantmentSpeed": false,
  "CompostableRottenFlesh": true,
  "GlowStick": true,
  "PoweredRailsCopperRecipe": true,
  "ChickenNugget": true,
  "MysteriousBundle": true,
  "GoldRing": true,
  "Crossbows": true,
  "MusicDiscs": true,
  "RoseGold": true,
  "FoodItems": true,
  "Potions": true,
  "WateringCan": true,
  "CopperPatina": false,
  "Ropes": true,
  "TridentShard": true,
  "ShipwreckSpyglassLoot": true,
  "DepthMeter": true,
  "PocketJukebox": true
}