{
  "spawn": {
    "arkellian_biomes": [
      "minecraft:desert",
      "minecraft:desert_hills",
      "minecraft:desert_lakes",
      "minecraft:badlands",
      "minecraft:badlands_plateau",
      "minecraft:eroded_badlands",
      "terralith:savanna_badlands",
      "terralith:hot_shrubland"
    ],
    "arkellian_spawn_weight": 1,
    "arkellian_min_group": 1,
    "arkellian_max_group": 4,
    "brain_biomes": [
      "minecraft:desert",
      "minecraft:desert_hills",
      "minecraft:desert_lakes",
      "minecraft:badlands",
      "minecraft:badlands_plateau",
      "minecraft:eroded_badlands",
      "terralith:ancient_sands",
      "terralith:ashen_savanna"
    ],
    "brain_spawn_weight": 1,
    "brain_min_group": 1,
    "brain_max_group": 1,
    "hopper_biomes": [
      "minecraft:desert",
      "minecraft:desert_hills",
      "minecraft:desert_lakes",
      "minecraft:badlands",
      "minecraft:badlands_plateau",
      "minecraft:eroded_badlands",
      "terralith:hot_shrubland"
    ],
    "hopper_spawn_weight": 3,
    "hopper_min_group": 1,
    "hopper_max_group": 2,
    "plasma_biomes": [
      "minecraft:desert",
      "minecraft:desert_hills",
      "minecraft:desert_lakes",
      "minecraft:badlands",
      "minecraft:badlands_plateau",
      "minecraft:eroded_badlands",
      "terralith:ashen_savanna",
      "terralith:hot_shrubland"
    ],
    "plasma_spawn_weight": 2,
    "plasma_min_group": 1,
    "plasma_max_group": 2,
    "scorpion_biomes": [
      "minecraft:desert",
      "minecraft:desert_hills",
      "minecraft:desert_lakes",
      "minecraft:badlands",
      "minecraft:badlands_plateau",
      "minecraft:eroded_badlands",
      "terralith:hot_shrubland",
      "terralith:desert_oasis",
    ],
    "scorpion_spawn_weight": 2,
    "scorpion_min_group": 1,
    "scorpion_max_group": 1,
    "tanker_biomes": [
      "minecraft:desert",
      "minecraft:desert_hills",
      "minecraft:desert_lakes",
      "minecraft:badlands",
      "minecraft:badlands_plateau",
      "minecraft:eroded_badlands",
      "terralith:desert_oasis",
      "terralith:hot_shrubland"
    ],
    "tanker_spawn_weight": 2,
    "tanker_min_group": 1,
    "tanker_max_group": 2,
    "warrior_biomes": [
      "minecraft:desert",
      "minecraft:desert_hills",
      "minecraft:desert_lakes",
      "minecraft:badlands",
      "minecraft:badlands_plateau",
      "minecraft:eroded_badlands",
      "terralith:hot_shrubland"
    ],
    "warrior_spawn_weight": 3,
    "warrior_min_group": 1,
    "warrior_max_group": 4,
    "worker_biomes": [
      "minecraft:desert",
      "minecraft:desert_hills",
      "minecraft:desert_lakes",
      "minecraft:badlands",
      "minecraft:badlands_plateau",
      "minecraft:eroded_badlands",
      "terralith:desert_oasis",
      "terralith:hot_shrubland"
    ],
    "worker_spawn_weight": 3,
    "worker_min_group": 1,
    "worker_max_group": 4
  },
  "stats": {
    "arkellian_health": 16.0,
    "arkellian_melee": 0.0,
    "arkellian_exp": 1,
    "brain_health": 45.0,
    "brain_melee": 2.0,
    "brain_exp": 7,
    "hopper_health": 35.0,
    "hopper_armor": 10,
    "hopper_melee": 10.0,
    "hopper_exp": 3,
    "plasma_health": 100.0,
    "plasma_armor": 6,
    "plasma_melee": 10.0,
    "plasma_ranged": 20.0,
    "plasma_exp": 6,
    "scorpion_health": 75.0,
    "scorpion_armor": 10,
    "scorpion_melee": 10.0,
    "scorpion_ranged": 10.0,
    "scorpion_exp": 5,
    "tanker_health": 60.0,
    "tanker_armor": 16,
    "tanker_melee": 15.0,
    "tanker_ranged": 20.0,
    "tanker_exp": 6,
    "warrior_health": 35.0,
    "warrior_armor": 10,
    "warrior_melee": 10.0,
    "warrior_exp": 4,
    "worker_health": 25.0,
    "worker_armor": 2,
    "worker_melee": 5.0,
    "worker_exp": 4
  },
  "weapons": {
    "MAR1_max_ammo": 1000,
    "MAR1_mag_size": 1000,
    "MAR1_bullet_damage": 2.5,
    "MAR2_max_ammo": 800,
    "MAR2_mag_size": 800,
    "MAR2_bullet_damage": 4.5,
    "HeavyMounted_max_ammo": 4096,
    "HeavyMounted_belt_size": 4096,
    "HeavyMounted_bullet_damage": 8.0,
    "MZ90_explode_damage": 2.0,
    "TON_damage": 10.0,
    "break_blocks": true,
    "cause_fire": true
  }
}