{
  "beenfo.config.popupypercent": {
    "key": "Popup position top to down",
    "toolTip": "beenfo.config.tt.popupypercent",
    "value": 80,
    "defaultValue": 50,
    "minValue": 0,
    "maxValue": 100
  },
  "beenfo.config.popupxpercent": {
    "key": "Popup position left to right",
    "toolTip": "beenfo.config.tt.popupxpercent",
    "value": 50,
    "defaultValue": 50,
    "minValue": 0,
    "maxValue": 100
  },
  "beenfo.config.showpopup": {
    "key": "Show crosshair popup",
    "toolTip": "beenfo.config.tt.showpopup",
    "value": true,
    "defaultValue": false
  }
}