{
  "enableGloves": true,
  "slownessLevel": 2,
  "hungerExhaustion": 0.10,
  "type": "WHITELIST",
  "list": [    "minecraft:hopper",
    "ae2:chest",
    "ae2:cell_workbench",
    "ae2:spatial_anchor",
    "adventurez:brown_fungus",
    "adventurez:deer",
    "adventurez:iguana",
    "adventurez:red_fungus",
    "aqupd:caracal",
    "bewitchment:toad",
    "bewitchment:raven",
    "bewitchment:trapped_elder_chest",
    "bewitchment:elder_chest",
    "bewitchment:dragons_blood_chest",
    "bewitchment:trapped_dragon_blood_chest",
    "bewitchment:juniper_chest",
    "bewitchment:trapped_juniper_chest",
    "bewitchment:cypress_chest",
    "bewitchment:trapped_cypress_chest",
    "betternether:stalagnate_chest",
    "betternether:willow_chest",
    "betternether:rubeus_chest",
    "betternether:nether_reed_chest",
    "betternether:wart_chest",
    "betternether:mushroom_fir_chest",
    "betternether:nether_mushroom_chest",
    "betternether:anchor_tree_chest",
    "betternether:nether_sakura_chest",
    "betternether:crimson_chest",
    "betternether:warped_chest",
    "betternether:chest_of_drawers",
    "conjuring:conjurer",
    "conjuring:soulfire_forge",
    "conjuring:blackstone_pedestal",
    "dummmmmy:target_dummy_placer",
    "dankstorage:dock",
    "expandedstorage:candy_cane_mini_present",
    "expandedstorage:diamond_barrel",
    "expandedstorage:diamond_chest",
    "expandedstorage:gold_barrel",
    "expandedstorage:gold_chest",
    "expandedstorage:iron_barrel",
    "expandedstorage:iron_chest",
    "expandedstorage:netherite_barrel",
    "expandedstorage:netherite_chest",
    "expandedstorage:obsidian_barrel",
    "expandedstorage:obsidian_chest",
    "expandedstorage:old_diamond_chest",
    "expandedstorage:old_gold_chest",
    "expandedstorage:old_iron_chest",
    "expandedstorage:old_netherite_chest",
    "expandedstorage:old_obsidian_chest",
    "expandedstorage:old_wood_chest",
    "expandedstorage:pumpkin_chest",
    "expandedstorage:pumpkin_mini_chest",
    "expandedstorage:red_mini_present",
    "expandedstorage:vanilla_wood_mini_chest",
    "expandedstorage:white_mini_present",
    "expandedstorage:wood_chest",
    "expandedstorage:wood_mini_chest",
    "ironfurnaces:block_heater",
    "ironfurnaces:copper_furnace",
    "ironfurnaces:crystal_furnace",
    "ironfurnaces:diamond_furnace",
    "ironfurnaces:emerald_furnace",
    "ironfurnaces:gold_furnace",
    "ironfurnaces:iron_furnace",
    "ironfurnaces:item_heater",
    "ironfurnaces:item_spooky",
    "ironfurnaces:item_xmas",
    "ironfurnaces:netherite_furnace",
    "ironfurnaces:obsidian_furnace",
    "ironfurnaces:silver_furnace",
    "lovely_snails:snail",
    "minecraft:axolotl",
    "minecraft:oak_boat",
    "#minecraft:boats",
    "minecraft:cat",
    "minecraft:chest_minecart",
    "minecraft:chicken",
    "minecraft:cod",
    "minecraft:cow",
    "minecraft:crafting_table",
    "minecraft:donkey ",
    "minecraft:egg",
    "minecraft:fox",
    "minecraft:furnace",
    "minecraft:goat",
    "minecraft:hopper",
    "minecraft:mule",
    "minecraft:parrot",
    "minecraft:pig",
    "minecraft:rabbit",
    "minecraft:salmon",
    "minecraft:sheep",
    "minecraft:smithing_table",
    "modern_industrialization:bronze_furnace",
    "modern_industrialization:electric_blast_furnace",
    "modern_industrialization:electric_furnace",
    "modern_industrialization:steel_furnace",
    "techreborn:electric_furnace",
    "techreborn:industrial_blast_furnace",
    "techreborn:iron_alloy_furnace",
    "techreborn:iron_furnace",
    "techreborn:grinder",
    "techreborn:industrial_grinder",
    "toms_storage:ts.inventory_cable",
    "toms_storage:ts.inventory_cable_framed",
    "toms_storage:ts.inventory_connector",
    "storagecabinet:cabinet_manager",
    "untitledduckmod:duck",
    "untitledduckmod:goose"
  ]
}