{
  "removeInventoryPotionShift": true,
  "learningIncreasesExpOrbValue": true,
  "enableVials": true,
  "enableRings": true,
  "enableBrewingStandFire": true,
  "useAnchorChargesWithReturnPotion": true,
  "allowRingsInInventoryWithThirdPartyMods": false,
  "potions": {
    "magnetism": true,
    "photosynthesis": false,
    "crumbling": true,
    "fuse": true,
    "recall": true,
    "sails": true,
    "returning": true,
    "learning": true,
    "concentration": true,
    "gravity": true,
    "combustion": true,
    "pacifism": true,
    "shrinking": false,
    "growing": false,
    "detection": false,
    "piper": true
  }
}