{"version":1,"overrides":{"additionaladditions":{"-depends":{"minecraft":""}},"additionalbars":{"-depends":{"minecraft":""}},"adorn":{"-depends":{"minecraft":""}},"advanced_runtime_resource_pack":{"-depends":{"minecraft":""}},"advancementplaques":{"-depends":{"minecraft":""}},"adventurez":{"-depends":{"minecraft":""}},"ae2":{"-depends":{"minecraft":""}},"ae2wtlib":{"-depends":{"minecraft":""}},"agape_space":{"-depends":{"minecraft":""}},"alloy_forgery":{"-depends":{"minecraft":""}},"animal_feeding_trough":{"-depends":{"minecraft":""}},"annotateddi":{"-depends":{"minecraft":""}},"apoli":{"-depends":{"minecraft":""}},"aqupdcaracal":{"-depends":{"minecraft":""}},"aqupdgrizzly":{"-depends":{"minecraft":""}},"arcanus":{"-depends":{"minecraft":""}},"architects_palette":{"-depends":{"minecraft":""}},"architectury":{"-depends":{"minecraft":""}},"authme":{"-depends":{"minecraft":""}},"autorun":{"-depends":{"minecraft":""}},"awesomedungeon":{"-depends":{"minecraft":""}},"bakingmod":{"-depends":{"minecraft":""}},"balm-fabric":{"-depends":{"minecraft":""}},"bcc":{"-depends":{"minecraft":""}},"bclib":{"-depends":{"minecraft":""}},"betterf3":{"-depends":{"minecraft":""}},"betternether":{"-depends":{"minecraft":""}},"bettersleeping":{"-depends":{"minecraft":""}},"betterthirdperson":{"-depends":{"minecraft":""}},"bewitchment":{"-depends":{"minecraft":""}},"bitsandchisels":{"-depends":{"minecraft":""}},"blockus":{"-depends":{"minecraft":""}},"bosses_of_mass_destruction":{"-depends":{"minecraft":""}},"botania":{"-depends":{"minecraft":""}},"bountiful":{"-depends":{"minecraft":""}},"buildinggadgets":{"-depends":{"minecraft":""}},"calio":{"-depends":{"minecraft":""}},"campchair":{"-depends":{"minecraft":""}},"capybara":{"-depends":{"minecraft":""}},"cardinal-components-base":{"-depends":{"minecraft":""}},"cardinal-components-block":{"-depends":{"minecraft":""}},"cardinal-components-entity":{"-depends":{"minecraft":""}},"cardinal-components-item":{"-depends":{"minecraft":""}},"cardinal-components-level":{"-depends":{"minecraft":""}},"cardinal-components-world":{"-depends":{"minecraft":""}},"carpet":{"-depends":{"minecraft":""}},"carpet-extra":{"-depends":{"minecraft":""}},"carpet-tis-addition":{"-depends":{"minecraft":""}},"carrier":{"-depends":{"minecraft":""}},"catwalksinc":{"-depends":{"minecraft":""}},"chalk":{"-depends":{"minecraft":""}},"chas":{"-depends":{"minecraft":""}},"chat_heads":{"-depends":{"minecraft":""}},"chesttracker":{"-depends":{"minecraft":""}},"cleancut":{"-depends":{"minecraft":""}},"cleardespawn":{"-depends":{"minecraft":""}},"clickadv":{"-depends":{"minecraft":""}},"clienttweaks":{"-depends":{"minecraft":""}},"clumps":{"-depends":{"minecraft":""}},"coat":{"-depends":{"minecraft":""}},"companion_bats":{"-depends":{"minecraft":""}},"compress":{"-depends":{"minecraft":""}},"conjuring":{"-depends":{"minecraft":""}},"consistency_plus":{"-depends":{"minecraft":""}},"continuity":{"-depends":{"minecraft":""}},"cosmetic-armor":{"-depends":{"minecraft":""}},"cosmetica":{"-depends":{"minecraft":""}},"craftingtweaks":{"-depends":{"minecraft":""}},"creativeonepunch":{"-depends":{"minecraft":""}},"croptopia":{"-depends":{"minecraft":""}},"crusade":{"-depends":{"minecraft":""}},"cspirit":{"-depends":{"minecraft":""}},"culinaire":{"-depends":{"minecraft":""}},"customwindowtitle":{"-depends":{"minecraft":""}},"dark-enchanting":{"-depends":{"minecraft":""}},"dawn":{"-depends":{"minecraft":""}},"deathlog":{"-depends":{"minecraft":""}},"detailab":{"-depends":{"minecraft":""}},"disable_custom_worlds_advice":{"-depends":{"minecraft":""}},"disenchanter":{"-depends":{"minecraft":""}},"doom":{"-depends":{"minecraft":""}},"dragonloot":{"-depends":{"minecraft":""}},"drippyloadingscreen":{"-depends":{"minecraft":""}},"dripstone_fluid_lib":{"-depends":{"minecraft":""}},"dummmmmmy":{"-depends":{"minecraft":""}},"dusk":{"-depends":{"minecraft":""}},"dynview":{"-depends":{"minecraft":""}},"earthtojavamobs":{"-depends":{"minecraft":""}},"elementalcreepers":{"-depends":{"minecraft":""}},"enchant_giver":{"-depends":{"minecraft":""}},"enchdesc":{"-depends":{"minecraft":""}},"enhanced_attack_indicator":{"-depends":{"minecraft":""}},"entitybanners":{"-depends":{"minecraft":""}},"equipmentcompare":{"-depends":{"minecraft":""}},"exlineawnings":{"-depends":{"minecraft":""}},"exlinefurniture":{"-depends":{"minecraft":""}},"expandedstorage":{"-depends":{"minecraft":""}},"experiencebugfix":{"-depends":{"minecraft":""}},"extragenerators":{"-depends":{"minecraft":""}},"extraorigins":{"-depends":{"minecraft":""}},"ezpas":{"-depends":{"minecraft":""}},"fabric":{"-depends":{"minecraft":""}},"fabric-biome-api-v1":{"-depends":{"minecraft":""}},"fabric-blockrenderlayer-v1":{"-depends":{"minecraft":""}},"fabric-diagonal-panes":{"-depends":{"minecraft":""}},"fabric-dimensions-v1":{"-depends":{"minecraft":""}},"fabric-events-interaction-v0":{"-depends":{"minecraft":""}},"fabric-item-groups-v0":{"-depends":{"minecraft":""}},"fabric-renderer-api-v1":{"-depends":{"minecraft":""}},"fabric-renderer-indigo":{"-depends":{"minecraft":""}},"fabric-renderer-registries-v1":{"-depends":{"minecraft":""}},"fabric-rendering-v0":{"-depends":{"minecraft":""}},"fabricenchantments":{"-depends":{"minecraft":""}},"fallingleaves":{"-depends":{"minecraft":""}},"fancymenu":{"-depends":{"minecraft":""}},"farmersdelight":{"-depends":{"minecraft":""}},"farmingforblockheads":{"-depends":{"minecraft":""}},"ferritecore":{"-depends":{"minecraft":""}},"fireplacelib":{"-depends":{"minecraft":""}},"fireworkfrenzy":{"-depends":{"minecraft":""}},"fluidtank":{"-depends":{"minecraft":""}},"forgeconfigapiport":{"-depends":{"minecraft":""}},"friendsandfoes":{"-depends":{"minecraft":""}},"fuelinfo":{"-depends":{"minecraft":""}},"geckolib3":{"-depends":{"minecraft":""}},"givemehats":{"-depends":{"minecraft":""}},"glassential":{"-depends":{"minecraft":""}},"gobber2":{"-depends":{"minecraft":""}},"goblintraders":{"-depends":{"minecraft":""}},"goosik-config":{"-depends":{"minecraft":""}},"graveyard":{"-depends":{"minecraft":""}},"greater_eye":{"-depends":{"minecraft":""}},"guardiansgalore":{"-depends":{"minecraft":""}},"hammermod":{"-depends":{"minecraft":""}},"harvest_scythes":{"-depends":{"minecraft":""}},"heartbond":{"-depends":{"minecraft":""}},"hologram-api":{"-depends":{"minecraft":""}},"hookshot":{"-depends":{"minecraft":""}},"horseinfo":{"-depends":{"minecraft":""}},"horsestatsvanilla":{"-depends":{"minecraft":""}},"iceberg":{"-depends":{"minecraft":""}},"impersonate":{"-depends":{"minecraft":""}},"incantationem":{"-depends":{"minecraft":""}},"indium":{"-depends":{"minecraft":""}},"inventoryprofilesnext":{"-depends":{"minecraft":""}},"invview":{"-depends":{"minecraft":""}},"ironfurnaces":{"-depends":{"minecraft":""}},"itemborders":{"-depends":{"minecraft":""}},"itemscroller":{"-depends":{"minecraft":""}},"jankson":{"-depends":{"minecraft":""}},"jump":{"-depends":{"minecraft":""}},"justenoughkeys":{"-depends":{"minecraft":""}},"kambrik":{"-depends":{"minecraft":""}},"kibe":{"-depends":{"minecraft":""}},"kjsextras":{"-depends":{"minecraft":""}},"konkrete":{"-depends":{"minecraft":""}},"krypton":{"-depends":{"minecraft":""}},"kubejs":{"-depends":{"minecraft":""}},"lambdabettergrass":{"-depends":{"minecraft":""}},"lambdynlights":{"-depends":{"minecraft":""}},"lank":{"-depends":{"minecraft":""}},"lazydfu":{"-depends":{"minecraft":""}},"legendarytooltips":{"-depends":{"minecraft":""}},"libblockattributes":{"-depends":{"minecraft":""}},"libblockattributes_core":{"-depends":{"minecraft":""}},"libblockattributes_fluids":{"-depends":{"minecraft":""}},"libblockattributes_items":{"-depends":{"minecraft":""}},"libgui":{"-depends":{"minecraft":""}},"lifts":{"-depends":{"minecraft":""}},"lovely_snails":{"-depends":{"minecraft":""}},"lumiwool":{"-depends":{"minecraft":""}},"maelstrom_library":{"-depends":{"minecraft":""}},"magiccombatwands":{"-depends":{"minecraft":""}},"malilib":{"-depends":{"minecraft":""}},"mambience":{"-depends":{"minecraft":""}},"mavm":{"-depends":{"minecraft":""}},"mcda":{"-depends":{"minecraft":""}},"mcdar":{"-depends":{"minecraft":""}},"mcdw":{"-depends":{"minecraft":""}},"mcf-reap":{"-depends":{"minecraft":""}},"megane":{"-depends":{"minecraft":""}},"megane-runtime":{"-depends":{"minecraft":""}},"milk_plus":{"-depends":{"minecraft":""}},"minieffects":{"-depends":{"minecraft":""}},"mining_dims":{"-depends":{"minecraft":""}},"miningutility":{"-depends":{"minecraft":""}},"mo_glass":{"-depends":{"minecraft":""}},"mocolors":{"-depends":{"minecraft":""}},"modern_industrialization":{"-depends":{"minecraft":""}},"modmenu":{"-depends":{"minecraft":""}},"morebannerfeatures":{"-depends":{"minecraft":""}},"morerespawnanchors":{"-depends":{"minecraft":""}},"morevillagers-fabric":{"-depends":{"minecraft":""}},"mtmechs":{"-depends":{"minecraft":""}},"multipart_entities":{"-depends":{"minecraft":""}},"mythic-mounts":{"-depends":{"minecraft":""}},"mythicmetals":{"-depends":{"minecraft":""}},"ninjaphenix_container_lib":{"-depends":{"minecraft":""}},"no-telemetry":{"-depends":{"minecraft":""}},"no_null_processors":{"-depends":{"minecraft":""}},"notenoughcrashes":{"-depends":{"minecraft":""}},"notes":{"-depends":{"minecraft":""}},"omega-config":{"-depends":{"minecraft":""}},"onsoulfire":{"-depends":{"minecraft":""}},"origins":{"-depends":{"minecraft":""}},"origins-classes":{"-depends":{"minecraft":""}},"owo":{"-depends":{"minecraft":""}},"packet_tweaker":{"-depends":{"minecraft":""}},"paintings":{"-depends":{"minecraft":""}},"patchouli":{"-depends":{"minecraft":""}},"pickupnotifier":{"-depends":{"minecraft":""}},"placeholder-api":{"-depends":{"minecraft":""}},"playerabilitylib":{"-depends":{"minecraft":""}},"polymer":{"-depends":{"minecraft":""}},"preciseblockplacing":{"-depends":{"minecraft":""}},"pride":{"-depends":{"minecraft":""}},"pugh_lib":{"-depends":{"minecraft":""}},"pugh_tools":{"-depends":{"minecraft":""}},"puzzleslib":{"-depends":{"minecraft":""}},"quarryplus":{"-depends":{"minecraft":""}},"quartzelv":{"-depends":{"minecraft":""}},"rad":{"-depends":{"minecraft":""}},"reach-entity-attributes":{"-depends":{"minecraft":""}},"redstonebits":{"-depends":{"minecraft":""}},"repurposed_structures":{"-depends":{"minecraft":""}},"resourceful_tools":{"-depends":{"minecraft":""}},"respawnablepets":{"-depends":{"minecraft":""}},"rhino":{"-depends":{"minecraft":""}},"roughlyenoughitems":{"-depends":{"minecraft":""}},"rpgstats":{"-depends":{"minecraft":""}},"ruined_equipment":{"-depends":{"minecraft":""}},"salem":{"-depends":{"minecraft":""}},"sandwichmod":{"-depends":{"minecraft":""}},"satin":{"-depends":{"minecraft":""}},"seasons":{"-depends":{"minecraft":""}},"seedfix":{"-depends":{"minecraft":""}},"server_translations_api":{"-depends":{"minecraft":""}},"sgui":{"-depends":{"minecraft":""}},"silkspawners":{"-depends":{"minecraft":""}},"simple_backpack":{"-depends":{"minecraft":""}},"simple_shelves":{"-depends":{"minecraft":""}},"simplemeasuring":{"-depends":{"minecraft":""}},"skinlayers":{"-depends":{"minecraft":""}},"slimyfloor":{"-depends":{"minecraft":""}},"soaringstructures2":{"-depends":{"minecraft":""}},"spruceui":{"-depends":{"minecraft":""}},"starlight":{"-depends":{"minecraft":""}},"static-content":{"-depends":{"minecraft":""}},"stonecutter_recipe_tags":{"-depends":{"minecraft":""}},"team_reborn_energy":{"-depends":{"minecraft":""}},"teenycoal":{"-depends":{"minecraft":""}},"terralith":{"-depends":{"minecraft":""}},"terrarianslimes":{"-depends":{"minecraft":""}},"things":{"-depends":{"minecraft":""}},"thonkutil":{"-depends":{"minecraft":""}},"tinyskeletons":{"-depends":{"minecraft":""}},"tolaserblade":{"-depends":{"minecraft":""}},"torchbowmod":{"-depends":{"minecraft":""}},"torohealth":{"-depends":{"minecraft":""}},"trashslot":{"-depends":{"minecraft":""}},"trinkets":{"-depends":{"minecraft":""}},"unforgivingvoid":{"-depends":{"minecraft":""}},"universal-graves":{"-depends":{"minecraft":""}},"veggie_way":{"-depends":{"minecraft":""}},"veinmining":{"-depends":{"minecraft":""}},"villager-hats":{"-depends":{"minecraft":""}},"villagernames":{"-depends":{"minecraft":""}},"visuality":{"-depends":{"minecraft":""}},"voidz":{"-depends":{"minecraft":""}},"ward_blocks":{"-depends":{"minecraft":""}},"waterdripsound":{"-depends":{"minecraft":""}},"waystones":{"-depends":{"minecraft":""}},"wfw":{"-depends":{"minecraft":""}},"whereisit":{"-depends":{"minecraft":""}},"wi_zoom":{"-depends":{"minecraft":""}},"wmitaf":{"-depends":{"minecraft":""}},"xaerominimap":{"-depends":{"minecraft":""}},"xaeroworldmap":{"-depends":{"minecraft":""}},"zihlaunchpads":{"-depends":{"minecraft":""}},"beehivetooltips":{"-depends":{"minecraft":""}},"craftpresence":{"-depends":{"minecraft":""}},"eldritch_mobs":{"-depends":{"minecraft":""}},"go-fish":{"-depends":{"minecraft":""}},"lithium":{"-depends":{"minecraft":""}},"marketcrates":{"-depends":{"minecraft":""}},"twigs":{"-depends":{"minecraft":""}},"enchantment_lore":{"-depends":{"minecraft":""}},"bsvsb":{"-depends":{"minecraft":""}},"chisel":{"-depends":{"minecraft":""}},"iris":{"-depends":{"minecraft":""}},"someforgepatchesported":{"-depends":{"minecraft":""}},"can-i-mine-this-block":{"-depends":{"minecraft":""}},"cloth-config":{"-depends":{"minecraft":""}},"soulbound":{"-depends":{"minecraft":""}},"mobz":{"-depends":{"minecraft":"", "fabricloader": ""}},"croparia":{"-depends":{"minecraft":""}},"dataattributes":{"-depends":{"minecraft":""}},"cursormod":{"-depends":{"minecraft":""}},"jumpoverfences":{"-depends":{"minecraft":""}},"libra":{"-depends":{"minecraft":""}},"creeperspores":{"-depends":{"minecraft":""}},"polymorph":{"-depends":{"minecraft":""}},"sandwichable":{"-depends":{"minecraft":""}}}}