{
  "Generic": {
    "carpetCtrlQCraftingEnabledOnServer": false,
    "clientCraftingFixOn1.12": true,
    "craftingRenderRecipeItems": true,
    "modMainToggle": true,
    "packetRateLimit": 4,
    "rateLimitClickPackets": false,
    "craftingRecipesSaveToFile": true,
    "craftingRecipesSaveFileIsGlobal": false,
    "reverseScrollDirectionSingle": false,
    "reverseScrollDirectionStacks": false,
    "useSlotPositionAwareScrollDirection": false,
    "villagerTradeUseGlobalFavorites": true,
    "villagerTradeListRememberScrollPosition": true
  },
  "Hotkeys": {
    "openConfigGui": {
      "keys": "I,C"
    },
    "toggleModOnOff": {
      "keys": ""
    },
    "craftEverything": {
      "keys": "LEFT_CONTROL,C"
    },
    "dropAllMatching": {
      "keys": "LEFT_CONTROL,LEFT_SHIFT,Q"
    },
    "massCraft": {
      "keys": "LEFT_CONTROL,LEFT_ALT,C"
    },
    "moveCraftResults": {
      "keys": "LEFT_CONTROL,M"
    },
    "recipeView": {
      "keys": "A"
    },
    "slotDebug": {
      "keys": "LEFT_CONTROL,LEFT_ALT,LEFT_SHIFT,I"
    },
    "storeRecipe": {
      "keys": "BUTTON_3"
    },
    "throwCraftResults": {
      "keys": "LEFT_CONTROL,T"
    },
    "villagerTradeFavorites": {
      "keys": ""
    },
    "modifierMoveEverything": {
      "keys": "LEFT_ALT,LEFT_SHIFT"
    },
    "modifierMoveMatching": {
      "keys": "LEFT_ALT"
    },
    "modifierMoveStack": {
      "keys": "LEFT_SHIFT"
    },
    "modifierToggleVillagerGlobalFavorite": {
      "keys": "LEFT_SHIFT"
    },
    "keyDragMoveStacks": {
      "keys": "LEFT_SHIFT,BUTTON_1"
    },
    "keyDragMoveLeaveOne": {
      "keys": "LEFT_SHIFT,BUTTON_2"
    },
    "keyDragMoveMatching": {
      "keys": "LEFT_ALT,BUTTON_1"
    },
    "keyDragMoveOne": {
      "keys": "LEFT_CONTROL,BUTTON_1"
    },
    "keyDragDropLeaveOne": {
      "keys": "LEFT_SHIFT,Q,BUTTON_2"
    },
    "keyDragDropSingle": {
      "keys": "Q,BUTTON_1"
    },
    "keyDragDropStacks": {
      "keys": "LEFT_SHIFT,Q,BUTTON_1"
    },
    "keyMoveEverything": {
      "keys": "LEFT_ALT,LEFT_SHIFT,BUTTON_1"
    },
    "wsMoveDownLeaveOne": {
      "keys": "S,BUTTON_2"
    },
    "wsMoveDownMatching": {
      "keys": "LEFT_ALT,S,BUTTON_1"
    },
    "wsMoveDownSingle": {
      "keys": "S,BUTTON_1"
    },
    "wsMoveDownStacks": {
      "keys": "LEFT_SHIFT,S,BUTTON_1"
    },
    "wsMoveUpLeaveOne": {
      "keys": "W,BUTTON_2"
    },
    "wsMoveUpMatching": {
      "keys": "LEFT_ALT,W,BUTTON_1"
    },
    "wsMoveUpSingle": {
      "keys": "W,BUTTON_1"
    },
    "wsMoveUpStacks": {
      "keys": "LEFT_SHIFT,W,BUTTON_1"
    }
  },
  "Toggles": {
    "enableCraftingFeatures": true,
    "enableDropkeyDropMatching": true,
    "enableRightClickCraftingOneStack": true,
    "enableScrollingEverything": true,
    "enableScrollingMatchingStacks": true,
    "enableScrollingSingle": true,
    "enableScrollingStacks": true,
    "enableScrollingStacksFallback": false,
    "enableScrollingVillager": true,
    "enableShiftDropItems": true,
    "enableShiftPlaceItems": true,
    "enableVillagerTradeFeatures": true
  }
}