{
  "zone1Start": 100,
  "zone2Start": 60,
  "zone3Start": 30,
  "zone1HardnessModifier": 7,
  "zone2HardnessModifier": 15,
  "zone3HardnessModifier": 30,
  "zone1StoneDarkness": 40,
  "zone2StoneDarkness": 60,
  "zone3StoneDarkness": 90,
  "worldMidHeight": 200,
  "enableMineshafts": false,
  "enableLakes": false,
  "enableCaves": false,
  "enableCanyons": false,
  "oreConfigList": [
    {
      "block": "minecraft:coal_ore",
      "size": 17,
      "count": 20,
      "minY": 100,
      "maxY": 170
    },
    {
      "block": "gobber2:gobber2_lucky_block",
      "size": 1,
      "count": 10,
      "minY": 100,
      "maxY": 170
    },
    {
      "block": "minecraft:iron_ore",
      "size": 9,
      "count": 20,
      "minY": 100,
      "maxY": 170
    },
    {
      "block": "techreborn:tin_ore",
      "size": 9,
      "count": 9,
      "minY": 100,
      "maxY": 170
    },
    {
      "block": "techreborn:galena_ore",
      "size": 9,
      "count": 9,
      "minY": 100,
      "maxY": 170
    },
    {
      "block": "bewitchment:salt_ore",
      "size": 7,
      "count": 9,
      "minY": 100,
      "maxY": 170
    },
    {
      "block": "valley:mixed_ore",
      "size": 6,
      "count": 16,
      "minY": 100,
      "maxY": 170
    },
    {
      "block": "minecraft:gold_ore",
      "size": 9,
      "count": 2,
      "minY": 100,
      "maxY": 140
    },
    {
      "block": "minecraft:redstone_ore",
      "size": 8,
      "count": 8,
      "minY": 100,
      "maxY": 120
    },
    {
      "block": "minecraft:diamond_ore",
      "size": 6,
      "count": 1,
      "minY": 100,
      "maxY": 120
    },
    {
      "block": "minecraft:emerald_ore",
      "size": 5,
      "count": 1,
      "minY": 100,
      "maxY": 120
    },
    {
      "block": "minecraft:coal_ore",
      "size": 17,
      "count": 5,
      "minY": 60,
      "maxY": 100
    },
    {
      "block": "minecraft:iron_ore",
      "size": 9,
      "count": 5,
      "minY": 60,
      "maxY": 100
    },
    {
      "block": "minecraft:gold_ore",
      "size": 7,
      "count": 3,
      "minY": 60,
      "maxY": 100
    },
    {
      "block": "minecraft:redstone_ore",
      "size": 8,
      "count": 4,
      "minY": 60,
      "maxY": 100
    },
    {
      "block": "minecraft:lapis_ore",
      "size": 8,
      "count": 2,
      "minY": 60,
      "maxY": 100
    },
    {
      "block": "minecraft:diamond_ore",
      "size": 8,
      "count": 2,
      "minY": 60,
      "maxY": 100
    },
    {
      "block": "minecraft:emerald_ore",
      "size": 8,
      "count": 2,
      "minY": 60,
      "maxY": 100
    },
    {
      "block": "techreborn:silver_ore",
      "size": 16,
      "count": 6,
      "minY": 60,
      "maxY": 100
    },
    {
      "block": "techreborn:bauxite_ore",
      "size": 12,
      "count": 4,
      "minY": 60,
      "maxY": 100
    },
    {
      "block": "techreborn:lead_ore",
      "size": 16,
      "count": 6,
      "minY": 60,
      "maxY": 100
    },
    {
      "block": "minecraft:gold_ore",
      "size": 9,
      "count": 4,
      "minY": 30,
      "maxY": 60
    },
    {
      "block": "appliedenergistics2:sky_stone_block",
      "size": 3,
      "count": 10,
      "minY": 0,
      "maxY": 60
    },
    {
      "block": "minecraft:redstone_ore",
      "size": 6,
      "count": 4,
      "minY": 30,
      "maxY": 60
    },
    {
      "block": "minecraft:lapis_ore",
      "size": 8,
      "count": 4,
      "minY": 30,
      "maxY": 60
    },
    {
      "block": "minecraft:diamond_ore",
      "size": 8,
      "count": 2,
      "minY": 30,
      "maxY": 60
    },
    {
      "block": "minecraft:emerald_ore",
      "size": 8,
      "count": 2,
      "minY": 30,
      "maxY": 60
    },
    {
      "block": "appliedenergistics2:quartz_ore",
      "size": 4,
      "count": 3,
      "minY": 30,
      "maxY": 60
    },
    {
      "block": "techreborn:ruby_ore",
      "size": 6,
      "count": 4,
      "minY": 30,
      "maxY": 60
    },
    {
      "block": "techreborn:sapphire_ore",
      "size": 6,
      "count": 4,
      "minY": 30,
      "maxY": 60
    },
    {
      "block": "techreborn:iridium_ore",
      "size": 1,
      "count": 2,
      "minY": 30,
      "maxY": 60
    },
    {
      "block": "indrev:nikolite_ore",
      "size": 2,
      "count": 1,
      "minY": 30,
      "maxY": 60
    },
    {
      "block": "things:gleaming_ore",
      "size": 3,
      "count": 2,
      "minY": 30,
      "maxY": 60
    },
    {
      "block": "minecraft:gold_ore",
      "size": 9,
      "count": 4,
      "minY": 0,
      "maxY": 30
    },
    {
      "block": "minecraft:redstone_ore",
      "size": 8,
      "count": 6,
      "minY": 0,
      "maxY": 30
    },
    {
      "block": "minecraft:lapis_ore",
      "size": 8,
      "count": 4,
      "minY": 0,
      "maxY": 30
    },
    {
      "block": "minecraft:diamond_ore",
      "size": 8,
      "count": 4,
      "minY": 0,
      "maxY": 30
    },
    {
      "block": "minecraft:emerald_ore",
      "size": 8,
      "count": 2,
      "minY": 0,
      "maxY": 30
    },
    {
      "block": "indrev:nikolite_ore",
      "size": 3,
      "count": 2,
      "minY": 0,
      "maxY": 30
    },
    {
      "block": "things:gleaming_ore",
      "size": 6,
      "count": 4,
      "minY": 0,
      "maxY": 30
    },
    {
      "block": "gobber2:gobber2_ore",
      "size": 2,
      "count": 2,
      "minY": 0,
      "maxY": 30
    },
    {
      "block": "techreborn:iridium_ore",
      "size": 3,
      "count": 2,
      "minY": 0,
      "maxY": 30
    },
    {
      "block": "appliedenergistics2:quartz_ore",
      "size": 6,
      "count": 3,
      "minY": 0,
      "maxY": 30
    }
  ]
}
