{
  "quivers": [
    {
      "name": "basic",
      "rowWidth": 9,
      "numberOfRows": 1,
      "isFireImmune": false,
      "openSound": "minecraft:item.armor.equip_leather"
    },
    {
      "name": "iron",
      "rowWidth": 9,
      "numberOfRows": 2,
      "isFireImmune": false,
      "openSound": "minecraft:item.armor.equip_iron"
    },
    {
      "name": "copper",
      "rowWidth": 9,
      "numberOfRows": 2,
      "isFireImmune": false,
      "openSound": "minecraft:item.armor.equip_iron"
    },
    {
      "name": "gold",
      "rowWidth": 9,
      "numberOfRows": 3,
      "isFireImmune": false,
      "openSound": "minecraft:item.armor.equip_gold"
    },
    {
      "name": "silver",
      "rowWidth": 9,
      "numberOfRows": 3,
      "isFireImmune": false,
      "openSound": "minecraft:item.armor.equip_gold"
    },
    {
      "name": "diamond",
      "rowWidth": 9,
      "numberOfRows": 4,
      "isFireImmune": false,
      "openSound": "minecraft:item.armor.equip_diamond"
    },
    {
      "name": "netherite",
      "rowWidth": 9,
      "numberOfRows": 5,
      "isFireImmune": true,
      "openSound": "minecraft:item.armor.equip_leather"
    }
  ],
  //Whether Backpacks should play a sound when opened.
  "playSound": true,
  //Position of HUD
  "xpos": 0,
  "ypos": 0
}
