{
  "dropItems": true,
  "growthTime": 30,
  "perItemGrowthTimes": {
    "minecraft:twisting_vines": -1,
    "bewitchment:belladonna": 60,
    "minecraft:wheat": 40,
    "croptopia:blackberry_crop": -1,
    "croptopia:apple_sapling": -1,
    "minecraft:wither_rose": -1,
    "bewitchment:elder_sapling": -1,
    "croptopia:cherry_sapling": -1,
    "croptopia:cauliflower_crop": -1,
    "minecraft:nether_wart": -1,
    "farmersdelight:rice_crop": -1,
    "minecraft:bamboo": 40,
    "minecraft:chorus_flower": -1,
    "minecraft:beetroots": -1,
    "croptopia:barley_crop": -1,
    "croptopia:kale_crop": -1,
    "bewitchment:cypress_sapling": -1,
    "croptopia:tea_crop": -1,
    "croptopia:broccoli_crop": -1,
    "croptopia:tomato_crop": -1,
    "minecraft:sweet_berry_bush": -1,
    "croptopia:vanilla_crop": -1,
    "minecraft:sugar_cane": 40,
    "magicfungi:vivifica_mushroom": -1,
    "bewitchment:mandrake": 60,
    "minecraft:red_mushroom": -1,
    "croptopia:cantaloupe_crop": -1,
    "minecraft:warped_fungus": -1,
    "bewitchment:garlic": 60,
    "minecraft:melon_stem": -1,
    "minecraft:oak_sapling": 30,
    "minecraft:dark_oak_sapling": -1,
    "minecraft:pumpkin_stem": -1,
    "blockus:white_oak_sapling": -1,
    "minecraft:spruce_sapling": -1,
    "bewitchment:aconite": 60,
    "croptopia:lettuce_crop": -1,
    "techreborn:rubber_sapling": -1,
    "minecraft:carrots": -1,
    "minecraft:potatoes": -1,
    "croptopia:garlic_crop": -1,
    "minecraft:kelp": -1,
    "minecraft:brown_mushroom": -1,
    "minecraft:cactus": -1,
    "charm:ebony_sapling": 80,
    "minecraft:dandelion": -1,
    "croptopia:grape_crop": -1
  },
  "growthModifierRegexPatterns": {}
}