{
  "startingItem": "StartingHouse",
  "includeSpawnersInMasher": false,
  "enableStructurePreview": true,
  "allowBulldozerToCreateDrops": false,
  "allowWaterInNonOverworldDimensions": true,
  "enableAutomationOptionsFromModerateFarm": false,
  "includeMineshaftChest": true,
  "playBuildingSound": true,
  "recipes": {
    "Grassy Plains": true,
    "Boundary Block": true,
    "WoodenCrate": true,
    "Bunch Of Potatoes": true,
    "Jail": true,
    "Windmill": true,
    "Dirt Recipes": true,
    "Modern Buildings": true,
    "Mineshaft Entrance": false,
    "Watch Tower": true,
    "Pile of Bricks": true,
    "Ton of Timber": true,
    "Green House": true,
    "Moderate Farm": true,
    "Compressed Glowstone": true,
    "Moderate House": true,
    "Ender Gateway": true,
    "Starting House": true,
    "Town Hall": true,
    "Compressed Obsidian": true,
    "Advanced Farm": true,
    "Machinery Tower": true,
    "Starter Farm": false,
    "Bundle of Timber": true,
    "Villager Houses": true,
    "Saloon": true,
    "Paper Lantern": true,
    "Warehouse": true,
    "Bulldozer": true,
    "Compressed Chest": true,
    "Bunch Of Beets": true,
    "Magic Temple": true,
    "Compressed Stone": true,
    "Sickle": true,
    "Defense Bunker": true,
    "Aqua Base": true,
    "Bunch Of Carrots": true,
    "Workshop": true,
    "Glass Stairs": true,
    "Swift Blade": false,
    "Glass Slabs": true,
    "Phasic Block": true,
    "Ski Lodge": true,
    "Compressed Dirt": true,
    "Warehouse Upgrade": true,
    "Nether Gate": true,
    "Instant Bridge": true,
    "Heap of Timber": true,
    "Advanced Warehouse": true
  },
  "chestOptions": {
    "addSword": true,
    "addAxe": false,
    "addShovel": true,
    "addHoe": true,
    "addPickAxe": false,
    "addArmor": true,
    "addFood": true,
    "addCrops": true,
    "addDirt": true,
    "addCobble": true,
    "addSaplings": true,
    "addTorches": true
  },
  "starterHouseOptions": {
    "addBed": true,
    "addCraftingTable": true,
    "addFurnace": false,
    "addChests": true,
    "addChestContents": true,
    "addMineshaft": false
  }
}