{
  //Adds Corn Seeds to Grass Loot Table. Turn off if you do not want TacoCraft Seeds to drop its seeds when grass breaks
  "addCornSeedsToGrassLootTable": true,
  //Amount of time pencas take to cook in ticks (20 per second)
  "penca_cook_time": 6000,
  //Amount of time tortillas take to cook (20 per second)
  "tortilla_cook_time": 300,
  //Amount of barbacoa you get from one penca
  "barbacoa_per_penca": 7,
  //Chance of corn spawning. Is in 1 per x chunks
  "corn_gen_chance": 300
}
