{
  "priority": 0,
  "essential": {
    "ingredients": [
      {
        "type": "item",
        "id": "architects_palette:withered_bone",
        "count": 64
      },
      {
        "type": "item",
        "id": "minecraft:milk_bucket",
        "count": 2
      }
    ],
    "byproducts": [
      {
        "id": "minecraft:bucket",
        "count": 2
      }
    ]
  },
  "muscles": {
    "ingredients": [
      {
        "type": "tag",
        "id": "overlord:muscle_meat",
        "count": 32
      }
    ]
  },
  "skin": {
    "ingredients": [
      {
        "type": "tag",
        "id": "overlord:flesh",
        "count": 32
      }
    ]
  },
  "player_colors": {
    "ingredients": [
      {
        "type": "tag",
        "id": "c:dyes",
        "count": 8
      }
    ]
  }
}