{
	"type": "minecraft:entity",
	"pools": [
		{
			"rolls": 1,
			"entries": [
				{
					"type": "minecraft:item",
					"functions": [
						{
							"function": "minecraft:set_count",
							"count": {
								"min": 0.0,
								"max": 1.0,
								"type": "minecraft:uniform"
							}
						},
						{
							"function": "minecraft:looting_enchant",
							"count": {
								"min": 0.0,
								"max": 1.0
							}
						}
					],
					"name": "minecraft:coal"
				}
			]
		},
		{
			"rolls": 1,
			"entries": [
				{
					"type": "minecraft:item",
					"functions": [
						{
							"function": "minecraft:set_count",
							"count": {
								"n": 1,
								"p": 0.01,
								"type": "minecraft:binomial"
							}
						}
					],
					"name": "mobz:withermeal"
				}
			]
		},
		{
			"rolls": 1,
			"entries": [
				{
					"type": "minecraft:item",
					"name": "minecraft:wither_skeleton_skull"
				}
			],
			"conditions": [
				{
					"condition": "minecraft:killed_by_player"
				},
				{
					"condition": "minecraft:random_chance_with_looting",
					"chance": 0.015,
					"looting_multiplier": 0.01
				}
			]
		}
	]
}