{
  "grid": {
    "tag_smith_table [default: true]": true,
    "tag_cauldron [default: true]": true,
    "tag_hopper [default: true]": true,
    "tag_piston [default: true]": true,
    "tag_rail [default: true]": true,
    "tag_stonecutter [default: true]": true,
    "tag_bucket [default: true]": true,
    "tag_compass [default: true]": true,
    "tag_minecart [default: true]": true,
    "tag_shield [default: true]": true,
    "tag_shulker_box [default: true]": true,
    "stalagnate_planks [default: true]": true,
    "stalagnate_stairs [default: true]": true,
    "stalagnate_slab [default: true]": true,
    "stalagnate_fence [default: true]": true,
    "stalagnate_gate [default: true]": true,
    "stalagnate_button [default: true]": true,
    "stalagnate_pressure_plate [default: true]": true,
    "stalagnate_trapdoor [default: true]": true,
    "stalagnate_door [default: true]": true,
    "stalagnate_crafting_table [default: true]": true,
    "stalagnate_ladder [default: true]": true,
    "stalagnate_sign [default: true]": true,
    "stalagnate_chest [default: true]": true,
    "stalagnate_barrel [default: true]": true,
    "stalagnate_bookshelf [default: true]": true,
    "stalagnate_bark [default: true]": true,
    "stalagnate_log [default: true]": true,
    "stalagnate_stripped_bark [default: true]": true,
    "stalagnate_stripped_log [default: true]": true,
    "stalagnate_composter [default: true]": true,
    "stalagnate_shulker [default: true]": true,
    "stalagnate_taburet [default: true]": true,
    "stalagnate_chair [default: true]": true,
    "stalagnate_bar_stool [default: true]": true,
    "stalagnate_roof [default: true]": true,
    "stalagnate_roof_stairs [default: true]": true,
    "stalagnate_roof_slab [default: true]": true,
    "willow_planks [default: true]": true,
    "willow_stairs [default: true]": true,
    "willow_slab [default: true]": true,
    "willow_fence [default: true]": true,
    "willow_gate [default: true]": true,
    "willow_button [default: true]": true,
    "willow_pressure_plate [default: true]": true,
    "willow_trapdoor [default: true]": true,
    "willow_door [default: true]": true,
    "willow_crafting_table [default: true]": true,
    "willow_ladder [default: true]": true,
    "willow_sign [default: true]": true,
    "willow_chest [default: true]": true,
    "willow_barrel [default: true]": true,
    "willow_bookshelf [default: true]": true,
    "willow_bark [default: true]": true,
    "willow_log [default: true]": true,
    "willow_stripped_bark [default: true]": true,
    "willow_stripped_log [default: true]": true,
    "willow_composter [default: true]": true,
    "willow_shulker [default: true]": true,
    "willow_taburet [default: true]": true,
    "willow_chair [default: true]": true,
    "willow_bar_stool [default: true]": true,
    "willow_roof [default: true]": true,
    "willow_roof_stairs [default: true]": true,
    "willow_roof_slab [default: true]": true,
    "rubeus_planks [default: true]": true,
    "rubeus_stairs [default: true]": true,
    "rubeus_slab [default: true]": true,
    "rubeus_fence [default: true]": true,
    "rubeus_gate [default: true]": true,
    "rubeus_button [default: true]": true,
    "rubeus_pressure_plate [default: true]": true,
    "rubeus_trapdoor [default: true]": true,
    "rubeus_door [default: true]": true,
    "rubeus_crafting_table [default: true]": true,
    "rubeus_ladder [default: true]": true,
    "rubeus_sign [default: true]": true,
    "rubeus_chest [default: true]": true,
    "rubeus_barrel [default: true]": true,
    "rubeus_bookshelf [default: true]": true,
    "rubeus_bark [default: true]": true,
    "rubeus_log [default: true]": true,
    "rubeus_stripped_bark [default: true]": true,
    "rubeus_stripped_log [default: true]": true,
    "rubeus_composter [default: true]": true,
    "rubeus_shulker [default: true]": true,
    "rubeus_taburet [default: true]": true,
    "rubeus_chair [default: true]": true,
    "rubeus_bar_stool [default: true]": true,
    "nether_reed_planks [default: true]": true,
    "nether_reed_stairs [default: true]": true,
    "nether_reed_slab [default: true]": true,
    "nether_reed_fence [default: true]": true,
    "nether_reed_gate [default: true]": true,
    "nether_reed_button [default: true]": true,
    "nether_reed_plate [default: true]": true,
    "nether_reed_trapdoor [default: true]": true,
    "nether_reed_door [default: true]": true,
    "nether_reed_crafting_table [default: true]": true,
    "nether_reed_ladder [default: true]": true,
    "nether_reed_sign [default: true]": true,
    "nether_reed_chest [default: true]": true,
    "nether_reed_barrel [default: true]": true,
    "nether_reed_taburet [default: true]": true,
    "nether_reed_chair [default: true]": true,
    "nether_reed_bar_stool [default: true]": true,
    "nether_reed_roof [default: true]": true,
    "nether_reed_roof_stairs [default: true]": true,
    "nether_reed_roof_slab [default: true]": true,
    "wart_planks [default: true]": true,
    "wart_stairs [default: true]": true,
    "wart_slab [default: true]": true,
    "wart_fence [default: true]": true,
    "wart_gate [default: true]": true,
    "wart_button [default: true]": true,
    "wart_pressure_plate [default: true]": true,
    "wart_trapdoor [default: true]": true,
    "wart_door [default: true]": true,
    "wart_crafting_table [default: true]": true,
    "wart_ladder [default: true]": true,
    "wart_sign [default: true]": true,
    "wart_chest [default: true]": true,
    "wart_barrel [default: true]": true,
    "wart_bookshelf [default: true]": true,
    "wart_bark [default: true]": true,
    "wart_log [default: true]": true,
    "wart_stripped_bark [default: true]": true,
    "wart_stripped_log [default: true]": true,
    "wart_composter [default: true]": true,
    "wart_shulker [default: true]": true,
    "wart_taburet [default: true]": true,
    "wart_chair [default: true]": true,
    "wart_bar_stool [default: true]": true,
    "wart_roof [default: true]": true,
    "wart_roof_stairs [default: true]": true,
    "wart_roof_slab [default: true]": true,
    "mushroom_fir_planks [default: true]": true,
    "mushroom_fir_stairs [default: true]": true,
    "mushroom_fir_slab [default: true]": true,
    "mushroom_fir_fence [default: true]": true,
    "mushroom_fir_gate [default: true]": true,
    "mushroom_fir_button [default: true]": true,
    "mushroom_fir_pressure_plate [default: true]": true,
    "mushroom_fir_trapdoor [default: true]": true,
    "mushroom_fir_door [default: true]": true,
    "mushroom_fir_crafting_table [default: true]": true,
    "mushroom_fir_ladder [default: true]": true,
    "mushroom_fir_sign [default: true]": true,
    "mushroom_fir_chest [default: true]": true,
    "mushroom_fir_barrel [default: true]": true,
    "mushroom_fir_bookshelf [default: true]": true,
    "mushroom_fir_bark [default: true]": true,
    "mushroom_fir_log [default: true]": true,
    "mushroom_fir_stripped_bark [default: true]": true,
    "mushroom_fir_stripped_log [default: true]": true,
    "mushroom_fir_composter [default: true]": true,
    "mushroom_fir_shulker [default: true]": true,
    "mushroom_fir_taburet [default: true]": true,
    "mushroom_fir_chair [default: true]": true,
    "mushroom_fir_bar_stool [default: true]": true,
    "nether_mushroom_planks [default: true]": true,
    "nether_mushroom_stairs [default: true]": true,
    "nether_mushroom_slab [default: true]": true,
    "nether_mushroom_fence [default: true]": true,
    "nether_mushroom_gate [default: true]": true,
    "nether_mushroom_button [default: true]": true,
    "nether_mushroom_plate [default: true]": true,
    "nether_mushroom_trapdoor [default: true]": true,
    "nether_mushroom_door [default: true]": true,
    "nether_mushroom_crafting_table [default: true]": true,
    "nether_mushroom_ladder [default: true]": true,
    "nether_mushroom_sign [default: true]": true,
    "nether_mushroom_chest [default: true]": true,
    "nether_mushroom_barrel [default: true]": true,
    "nether_mushroom_taburet [default: true]": true,
    "nether_mushroom_chair [default: true]": true,
    "nether_mushroom_bar_stool [default: true]": true,
    "anchor_tree_planks [default: true]": true,
    "anchor_tree_stairs [default: true]": true,
    "anchor_tree_slab [default: true]": true,
    "anchor_tree_fence [default: true]": true,
    "anchor_tree_gate [default: true]": true,
    "anchor_tree_button [default: true]": true,
    "anchor_tree_pressure_plate [default: true]": true,
    "anchor_tree_trapdoor [default: true]": true,
    "anchor_tree_door [default: true]": true,
    "anchor_tree_crafting_table [default: true]": true,
    "anchor_tree_ladder [default: true]": true,
    "anchor_tree_sign [default: true]": true,
    "anchor_tree_chest [default: true]": true,
    "anchor_tree_barrel [default: true]": true,
    "anchor_tree_bookshelf [default: true]": true,
    "anchor_tree_bark [default: true]": true,
    "anchor_tree_log [default: true]": true,
    "anchor_tree_stripped_bark [default: true]": true,
    "anchor_tree_stripped_log [default: true]": true,
    "anchor_tree_composter [default: true]": true,
    "anchor_tree_shulker [default: true]": true,
    "anchor_tree_taburet [default: true]": true,
    "anchor_tree_chair [default: true]": true,
    "anchor_tree_bar_stool [default: true]": true,
    "nether_sakura_planks [default: true]": true,
    "nether_sakura_stairs [default: true]": true,
    "nether_sakura_slab [default: true]": true,
    "nether_sakura_fence [default: true]": true,
    "nether_sakura_gate [default: true]": true,
    "nether_sakura_button [default: true]": true,
    "nether_sakura_pressure_plate [default: true]": true,
    "nether_sakura_trapdoor [default: true]": true,
    "nether_sakura_door [default: true]": true,
    "nether_sakura_crafting_table [default: true]": true,
    "nether_sakura_ladder [default: true]": true,
    "nether_sakura_sign [default: true]": true,
    "nether_sakura_chest [default: true]": true,
    "nether_sakura_barrel [default: true]": true,
    "nether_sakura_bookshelf [default: true]": true,
    "nether_sakura_bark [default: true]": true,
    "nether_sakura_log [default: true]": true,
    "nether_sakura_stripped_bark [default: true]": true,
    "nether_sakura_stripped_log [default: true]": true,
    "nether_sakura_composter [default: true]": true,
    "nether_sakura_shulker [default: true]": true,
    "nether_sakura_taburet [default: true]": true,
    "nether_sakura_chair [default: true]": true,
    "nether_sakura_bar_stool [default: true]": true
  }
}