{
  "configVersion": 3,
  "inventory": {
    "enabled": true,
    "itemCount": false,
    "nbt": false,
    "maxWidth": 9,
    "maxHeight": 3,
    "blacklist": []
  },
  "entityInventory": {
    "enabled": false,
    "itemCount": false,
    "nbt": false,
    "maxWidth": 9,
    "maxHeight": 3,
    "blacklist": []
  },
  "energy": {
    "enabled": true,
    "expandWhenSneak": false,
    "colors": {
      "megane": 7408640,
      "techreborn": 8390656,
      "enhanced_quarries": 7408640
    },
    "units": {
      "megane": "E",
      "techreborn": "E",
      "enhanced_quarries": "E"
    },
    "blacklist": [
      "appliedenergistics2:energy_acceptor"
    ]
  },
  "fluid": {
    "enabled": true,
    "expandWhenSneak": false,
    "colors": {
      "megane:default": 855385,
      "minecraft:water": 4159204,
      "kibe:liquid_xp": 5635925,
      "modern_industrialization:steam": 15658734
    },
    "blacklist": []
  },
  "progress": {
    "enabled": true,
    "showWhenZero": false,
    "blacklist": []
  },
  "effect": {
    "enabled": true,
    "level": true,
    "roman": false,
    "hidden": false,
    "blacklist": []
  },
  "catchServerErrors": true,
  "spawnEgg": true,
  "playerHead": true
}