{
    "type": "minecraft:entity",
    "pools": [
    {
        "rolls": 1,
        "entries": [
        {
            "type": "minecraft:item",
            "name": "minecraft:netherite_scrap",
            "functions": [
            {
                "function": "minecraft:set_count",
                "count":
                {
                    "min": 13,
                    "max": 16
                }
            }]
        },
        {
            "type": "minecraft:item",
            "name": "minecraft:ender_pearl",
            "functions": [
            {
                "function": "minecraft:set_count",
                "count":
                {
                    "min": 10.0,
                    "max": 20.0,
                    "type": "minecraft:uniform"
                }
            }]
        },
        {
            "type": "minecraft:item",
            "name": "doom:argent_energy",
            "functions": [
            {
                "function": "minecraft:set_count",
                "count":
                {
                    "min": 10,
                    "max": 30
                }
            }]
        }],
        "conditions": [
        {
            "condition": "minecraft:killed_by_player"
        }]
    },
    {
        "rolls": 1,
        "entries": [
        {
            "type": "minecraft:item",
            "name": "kubejs:demon_pearl"
        }],
        "conditions": [
        {
            "condition": "minecraft:killed_by_player"
        }]
    }]
}