{
    "ModSettings": {
        "enable_updates_check": false,
        "add_interval_between_clicks": true,
        "interval_between_clicks_ms": 5,
        "first_run": false
    },
    "GuiSettings": {
        "enable_profiles_ui": false,
        "enable_inventory_buttons": false
    },
    "AutoRefillSettings": {
        "tool_damage_threshold": 7,
        "auto_refill_wait_tick": 15
    },
    "Hotkeys": {
        "sort_inventory": {
            "main": {
                "keys": "BUTTON_3"
            }
        },
        "sort_inventory_in_columns": {
            "main": {
                "keys": "LEFT_CONTROL,BUTTON_3"
            }
        },
        "sort_inventory_in_rows": {
            "main": {
                "keys": "LEFT_SHIFT,BUTTON_3"
            }
        }
    }
}