{
  "generation": {
    "enableRubberTreeGeneration": {
      "comment": "When enabled rubber trees will generate in the world",
      "value": true
    },
    "enableOreGeneration": {
      "comment": "When enabled ores will generate in the world",
      "value": true
    }
  },
  "loot": {
    "enableOverworldLoot": {
      "comment": "When true TechReborn will add ingots, machine frames and circuits to OverWorld loot chests.",
      "value": true
    },
    "enableEndLoot": {
      "comment": "When true TechReborn will add ingots, machine frames and circuits to The End loot chests.",
      "value": true
    },
    "enableNetherLoot": {
      "comment": "When true TechReborn will add ingots, machine frames and circuits to Nether loot chests.",
      "value": true
    }
  }
}