{
  "replace": true,
  "trades": [
    {
      "type": "goblintraders:upgraded_basic",
      "offer_item": {
        "item": "minecraft:diamond_sword",
        "count": 1,
        "nbt": "{Damage:0}"
      },
      "payment_item": {
        "item": "minecraft:dragon_head",
        "count": 5
      },
      "secondary_payment_item": {
        "item": "dragonloot:dragon_scale",
        "count": 6
      },
      "price_multiplier": 0.0,
      "max_trades": 1,
      "merchant_experience": 12,
      "player_experience": 500,
      "enchantments": [
        {
          "id": "minecraft:sharpness",
          "level": 6
        },
        {
          "id": "minecraft:unbreaking",
          "level": 4
        }
      ]
    }
  ]
}