{
  "swordStats": {
    "SWORD_KATANA": {
      "material": "iron",
      "damage": 1,
      "attackSpeed": -1.5
    },
    "SWORD_OBSIDIAN_CLAYMORE": {
      "material": "iron",
      "damage": 9,
      "attackSpeed": -3.0
    },
    "SWORD_CORAL_BLADE": {
      "material": "iron",
      "damage": 4,
      "attackSpeed": -2.4
    },
    "SWORD_BROKEN_SAWBLADE": {
      "material": "iron",
      "damage": 3,
      "attackSpeed": -2.4
    },
    "SWORD_SPONGE_STRIKER": {
      "material": "diamond",
      "damage": 3,
      "attackSpeed": -2.4
    },
    "SWORD_GREAT_AXEBLADE": {
      "material": "iron",
      "damage": 6,
      "attackSpeed": -3.0
    },
    "SWORD_CUTLASS": {
      "material": "iron",
      "damage": 3,
      "attackSpeed": -2.7
    },
    "SWORD_BEESTINGER": {
      "material": "iron",
      "damage": 0,
      "attackSpeed": -0.9
    },
    "SWORD_NAMELESS_BLADE": {
      "material": "iron",
      "damage": 1,
      "attackSpeed": -1.7
    },
    "SWORD_DARK_KATANA": {
      "material": "netherite",
      "damage": 2,
      "attackSpeed": -1.2
    },
    "SWORD_BROADSWORD": {
      "material": "iron",
      "damage": 4,
      "attackSpeed": -3.0
    },
    "SWORD_MECHANIZED_SAWBLADE": {
      "material": "diamond",
      "damage": 3,
      "attackSpeed": -2.4
    },
    "SWORD_HAWKBRAND": {
      "material": "iron",
      "damage": 5,
      "attackSpeed": -2.0
    },
    "SWORD_DANCERS_SWORD": {
      "material": "iron",
      "damage": 1,
      "attackSpeed": -1.0
    },
    "SWORD_THE_STARLESS_NIGHT": {
      "material": "iron",
      "damage": 8,
      "attackSpeed": -3.2
    },
    "SWORD_FREEZING_FOIL": {
      "material": "iron",
      "damage": 0,
      "attackSpeed": -0.9
    },
    "SWORD_IRON_SWORD_VAR": {
      "material": "iron",
      "damage": 3,
      "attackSpeed": -2.4
    },
    "SWORD_MASTERS_KATANA": {
      "material": "diamond",
      "damage": 1,
      "attackSpeed": -1.1
    },
    "SWORD_HEARTSTEALER": {
      "material": "diamond",
      "damage": 4,
      "attackSpeed": -3.0
    },
    "SWORD_RAPIER": {
      "material": "iron",
      "damage": 0,
      "attackSpeed": -0.9
    },
    "SWORD_FROST_SLAYER": {
      "material": "diamond",
      "damage": 6,
      "attackSpeed": -3.0
    },
    "SWORD_SINISTER": {
      "material": "iron",
      "damage": 5,
      "attackSpeed": -2.0
    },
    "SWORD_CLAYMORE": {
      "material": "iron",
      "damage": 5,
      "attackSpeed": -3.0
    },
    "SWORD_DIAMOND_SWORD_VAR": {
      "material": "diamond",
      "damage": 3,
      "attackSpeed": -2.4
    }
  },
  "axeStats": {
    "AXE_ENCRUSTED_ANCHOR": {
      "material": "diamond",
      "damage": 5,
      "attackSpeed": -3.1
    },
    "AXE_ANCHOR": {
      "material": "iron",
      "damage": 6,
      "attackSpeed": -3.1
    },
    "AXE_HIGHLAND": {
      "material": "iron",
      "damage": 6,
      "attackSpeed": -3.1
    },
    "AXE": {
      "material": "iron",
      "damage": 5,
      "attackSpeed": -3.1
    },
    "AXE_FIREBRAND": {
      "material": "diamond",
      "damage": 5,
      "attackSpeed": -2.9
    }
  },
  "doubleAxeStats": {
    "AXE_CURSED": {
      "material": "iron",
      "damage": 7,
      "attackSpeed": -3.1
    },
    "AXE_WHIRLWIND": {
      "material": "iron",
      "damage": 7,
      "attackSpeed": -2.9
    },
    "AXE_DOUBLE": {
      "material": "iron",
      "damage": 6,
      "attackSpeed": -3.0
    }
  },
  "daggerStats": {
    "DAGGER_CHILL_GALE_KNIFE": {
      "material": "iron",
      "damage": 5,
      "attackSpeed": -1.3
    },
    "DAGGER_MOON": {
      "material": "iron",
      "damage": 1,
      "attackSpeed": -1.0
    },
    "DAGGER_DAGGER": {
      "material": "iron",
      "damage": 1,
      "attackSpeed": -1.3
    },
    "DAGGER_FANGS_OF_FROST": {
      "material": "iron",
      "damage": 2,
      "attackSpeed": -1.0
    },
    "DAGGER_RESOLUTE_TEMPEST_KNIFE": {
      "material": "iron",
      "damage": 3,
      "attackSpeed": -1.3
    },
    "DAGGER_TEMPEST_KNIFE": {
      "material": "iron",
      "damage": 2,
      "attackSpeed": -1.3
    },
    "DAGGER_THE_BEGINNING": {
      "material": "netherite",
      "damage": 4,
      "attackSpeed": -1.2
    },
    "DAGGER_SWIFT_STRIKER": {
      "material": "netherite",
      "damage": 5,
      "attackSpeed": -1.0
    },
    "DAGGER_SHEAR_DAGGER": {
      "material": "iron",
      "damage": 1,
      "attackSpeed": -1.3
    },
    "DAGGER_THE_END": {
      "material": "netherite",
      "damage": 6,
      "attackSpeed": -1.2
    },
    "DAGGER_BACKSTABBER": {
      "material": "diamond",
      "damage": 3,
      "attackSpeed": -1.2
    },
    "DAGGER_VOID_TOUCHED_BLADE": {
      "material": "diamond",
      "damage": 4,
      "attackSpeed": -1.2
    }
  },
  "soulDaggerStats": {
    "SWORD_TRUTHSEEKER": {
      "material": "netherite",
      "damage": 3,
      "attackSpeed": -1.5
    },
    "DAGGER_ETERNAL_KNIFE": {
      "material": "netherite",
      "damage": 7,
      "attackSpeed": -0.95
    },
    "DAGGER_SOUL_KNIFE": {
      "material": "iron",
      "damage": 1,
      "attackSpeed": -1.1
    }
  },
  "hammerStats": {
    "HAMMER_FLAIL": {
      "material": "iron",
      "damage": 5,
      "attackSpeed": -2.9
    },
    "HAMMER_SUNS_GRACE": {
      "material": "diamond",
      "damage": 6,
      "attackSpeed": -2.5
    },
    "HAMMER_MACE": {
      "material": "iron",
      "damage": 4,
      "attackSpeed": -2.9
    },
    "HAMMER_GRAVITY": {
      "material": "diamond",
      "damage": 6,
      "attackSpeed": -3.0
    },
    "HAMMER_STORMLANDER": {
      "material": "diamond",
      "damage": 8,
      "attackSpeed": -3.0
    },
    "HAMMER_BONECLUB": {
      "material": "iron",
      "damage": 5,
      "attackSpeed": -3.1
    },
    "HAMMER_GREAT": {
      "material": "iron",
      "damage": 4,
      "attackSpeed": -3.0
    },
    "HAMMER_BONE_CUDGEL": {
      "material": "diamond",
      "damage": 5,
      "attackSpeed": -3.1
    }
  },
  "gauntletStats": {
    "GAUNTLET_SOUL_FISTS": {
      "material": "netherite",
      "damage": 0,
      "attackSpeed": -1.4
    },
    "GAUNTLET_MAULERS": {
      "material": "diamond",
      "damage": 0,
      "attackSpeed": -1.4
    },
    "GAUNTLET_GAUNTLET": {
      "material": "iron",
      "damage": 0,
      "attackSpeed": -1.4
    }
  },
  "sickleStats": {
    "SICKLE_NIGHTMARES_BITE": {
      "material": "iron",
      "damage": 5,
      "attackSpeed": -1.85
    },
    "SICKLE_LAST_LAUGH_GOLD": {
      "material": "iron",
      "damage": 6,
      "attackSpeed": -1.9
    },
    "SICKLE_LAST_LAUGH_SILVER": {
      "material": "iron",
      "damage": 5,
      "attackSpeed": -1.9
    },
    "SICKLE_SICKLE": {
      "material": "iron",
      "damage": 1,
      "attackSpeed": -1.9
    }
  },
  "scytheStats": {
    "SICKLE_JAILORS_SCYTHE": {
      "material": "iron",
      "damage": 7,
      "attackSpeed": -2.25
    },
    "SICKLE_SKULL_SCYTHE": {
      "material": "diamond",
      "damage": 6,
      "attackSpeed": -2.5
    },
    "SICKLE_FROST_SCYTHE": {
      "material": "diamond",
      "damage": 6,
      "attackSpeed": -2.5
    },
    "SICKLE_SOUL_SCYTHE": {
      "material": "diamond",
      "damage": 4,
      "attackSpeed": -2.25
    }
  },
  "pickStats": {
    "PICK_MOUNTAINEER_PICK": {
      "material": "iron",
      "damage": 1,
      "attackSpeed": -2.8
    },
    "PICK_HOWLING_PICK": {
      "material": "iron",
      "damage": 1,
      "attackSpeed": -2.8
    },
    "PICK_HAILING_PINNACLE": {
      "material": "diamond",
      "damage": 1,
      "attackSpeed": -2.8
    },
    "PICK_DIAMOND_PICKAXE_VAR": {
      "material": "diamond",
      "damage": 1,
      "attackSpeed": -2.8
    }
  },
  "glaiveStats": {
    "SPEAR_GRAVE_BANE": {
      "material": "iron",
      "damage": 4,
      "attackSpeed": -2.4
    },
    "SPEAR_CACKLING_BROOM": {
      "material": "iron",
      "damage": 5,
      "attackSpeed": -2.4
    },
    "SPEAR_GLAIVE": {
      "material": "iron",
      "damage": 3,
      "attackSpeed": -2.7
    },
    "SPEAR_VENOM_GLAIVE": {
      "material": "iron",
      "damage": 6,
      "attackSpeed": -2.5
    }
  },
  "spearStats": {
    "SPEAR_WHISPERING_SPEAR": {
      "material": "iron",
      "damage": 7,
      "attackSpeed": -2.5
    },
    "SPEAR_SPEAR": {
      "material": "iron",
      "damage": 3,
      "attackSpeed": -2.5
    },
    "SPEAR_FORTUNE": {
      "material": "iron",
      "damage": 6,
      "attackSpeed": -2.15
    }
  },
  "staffStats": {
    "STAFF_BATTLESTAFF_OF_TERROR": {
      "material": "iron",
      "damage": 0,
      "attackSpeed": -0.1
    },
    "STAFF_BATTLESTAFF": {
      "material": "wood",
      "damage": 0,
      "attackSpeed": -0.1
    },
    "STAFF_GROWING_STAFF": {
      "material": "iron",
      "damage": 1,
      "attackSpeed": -0.1
    }
  },
  "whipStats": {
    "WHIP_VINE_WHIP": {
      "material": "iron",
      "damage": 6,
      "attackSpeed": -3.1
    },
    "WHIP_WHIP": {
      "material": "iron",
      "damage": 2,
      "attackSpeed": -3.1
    }
  },
  "bowStats": {
    "BOW_ECHO_OF_THE_VALLEY": {
      "material": "diamond",
      "drawSpeed": 9.0,
      "range": 7.4
    },
    "BOW_HAUNTED_BOW": {
      "material": "netherite",
      "drawSpeed": 28.0,
      "range": 7.0
    },
    "BOW_TWISTING_VINE_BOW": {
      "material": "iron",
      "drawSpeed": 13.0,
      "range": 4.0
    },
    "BOW_BUBBLE_BURSTER": {
      "material": "diamond",
      "drawSpeed": 13.0,
      "range": 4.2
    },
    "BOW_TWIN_BOW": {
      "material": "diamond",
      "drawSpeed": 10.0,
      "range": 4.2
    },
    "BOW_BUBBLE_BOW": {
      "material": "iron",
      "drawSpeed": 13.0,
      "range": 4.0
    },
    "BOW_CALL_OF_THE_VOID": {
      "material": "netherite",
      "drawSpeed": 13.0,
      "range": 4.3
    },
    "BOW_WEEPING_VINE_BOW": {
      "material": "iron",
      "drawSpeed": 13.0,
      "range": 4.0
    },
    "BOW_WINTERS_TOUCH": {
      "material": "diamond",
      "drawSpeed": 13.0,
      "range": 5.2
    },
    "BOW_HUNTING_BOW": {
      "material": "iron",
      "drawSpeed": 14.0,
      "range": 4.6
    },
    "BOW_SABREWING": {
      "material": "diamond",
      "drawSpeed": 8.0,
      "range": 9.0
    },
    "BOW_TRICKBOW": {
      "material": "diamond",
      "drawSpeed": 10.0,
      "range": 4.2
    },
    "BOW_SHIVERING_BOW": {
      "material": "diamond",
      "drawSpeed": 12.0,
      "range": 4.0
    },
    "BOW_PHANTOM_BOW": {
      "material": "diamond",
      "drawSpeed": 20.0,
      "range": 6.4
    },
    "BOW_ELITE_POWER_BOW": {
      "material": "iron",
      "drawSpeed": 20.0,
      "range": 6.4
    },
    "BOW_WIND_BOW": {
      "material": "diamond",
      "drawSpeed": 9.0,
      "range": 6.8
    },
    "BOW_LOST_SOULS": {
      "material": "netherite",
      "drawSpeed": 8.0,
      "range": 7.4
    },
    "BOW_VOID_BOW": {
      "material": "diamond",
      "drawSpeed": 13.0,
      "range": 4.1
    },
    "BOW_BURST_GALE_BOW": {
      "material": "diamond",
      "drawSpeed": 10.0,
      "range": 7.2
    },
    "BOW_POWER_BOW": {
      "material": "iron",
      "drawSpeed": 20.0,
      "range": 6.4
    },
    "BOW_MASTERS_BOW": {
      "material": "iron",
      "drawSpeed": 15.0,
      "range": 4.4
    },
    "BOW_SOUL_BOW": {
      "material": "iron",
      "drawSpeed": 12.0,
      "range": 4.0
    },
    "BOW_HUNTERS_PROMISE": {
      "material": "iron",
      "drawSpeed": 13.0,
      "range": 5.0
    },
    "BOW_BONEBOW": {
      "material": "stone",
      "drawSpeed": 16.0,
      "range": 3.4
    },
    "BOW_SNOW_BOW": {
      "material": "iron",
      "drawSpeed": 14.0,
      "range": 4.8
    },
    "BOW_NOCTURNAL_BOW": {
      "material": "diamond",
      "drawSpeed": 15.0,
      "range": 6.0
    },
    "BOW_GREEN_MENACE": {
      "material": "diamond",
      "drawSpeed": 15.0,
      "range": 5.6
    },
    "BOW_PINK_SCOUNDREL": {
      "material": "diamond",
      "drawSpeed": 15.0,
      "range": 5.6
    },
    "BOW_WEB_BOW": {
      "material": "diamond",
      "drawSpeed": 13.0,
      "range": 5.2
    },
    "BOW_ANCIENT_BOW": {
      "material": "netherite",
      "drawSpeed": 12.0,
      "range": 7.6
    }
  },
  "shortBowStats": {
    "BOW_MECHANICAL_SHORTBOW": {
      "material": "iron",
      "drawSpeed": 8.0,
      "range": 2.6
    },
    "BOW_PURPLE_STORM": {
      "material": "iron",
      "drawSpeed": 8.0,
      "range": 2.0
    },
    "BOW_SHORTBOW": {
      "material": "iron",
      "drawSpeed": 8.0,
      "range": 2.0
    },
    "BOW_LOVE_SPELL_BOW": {
      "material": "iron",
      "drawSpeed": 8.0,
      "range": 2.0
    }
  },
  "longBowStats": {
    "BOW_RED_SNAKE": {
      "material": "diamond",
      "drawSpeed": 30.0,
      "range": 8.4
    },
    "BOW_LONGBOW": {
      "material": "iron",
      "drawSpeed": 20.0,
      "range": 7.0
    },
    "BOW_GUARDIAN_BOW": {
      "material": "diamond",
      "drawSpeed": 30.0,
      "range": 6.4
    }
  },
  "crossbowStats": {
    "CROSSBOW_HARP_CROSSBOW": {
      "material": "iron",
      "drawSpeed": 28.0,
      "range": 8.6
    },
    "CROSSBOW_RAPID_CROSSBOW": {
      "material": "iron",
      "drawSpeed": 20.0,
      "range": 8.2
    },
    "CROSSBOW_VEILED_CROSSBOW": {
      "material": "diamond",
      "drawSpeed": 22.0,
      "range": 14.5
    },
    "CROSSBOW_PRIDE_OF_THE_PIGLINS": {
      "material": "netherite",
      "drawSpeed": 20.0,
      "range": 13.0
    },
    "CROSSBOW_BUTTERFLY_CROSSBOW": {
      "material": "iron",
      "drawSpeed": 28.0,
      "range": 8.9
    },
    "CROSSBOW_EXPLODING_CROSSBOW": {
      "material": "iron",
      "drawSpeed": 28.0,
      "range": 8.0
    },
    "CROSSBOW_AZURE_SEEKER": {
      "material": "iron",
      "drawSpeed": 28.0,
      "range": 8.4
    },
    "CROSSBOW_SOUL_HUNTER_CROSSBOW": {
      "material": "diamond",
      "drawSpeed": 28.0,
      "range": 11.0
    },
    "CROSSBOW_LIGHTNING_HARP_CROSSBOW": {
      "material": "diamond",
      "drawSpeed": 28.0,
      "range": 14.2
    },
    "CROSSBOW_BURST_CROSSBOW": {
      "material": "iron",
      "drawSpeed": 28.0,
      "range": 8.0
    },
    "CROSSBOW_COG_CROSSBOW": {
      "material": "iron",
      "drawSpeed": 28.0,
      "range": 8.4
    },
    "CROSSBOW_HEAVY_CROSSBOW": {
      "material": "iron",
      "drawSpeed": 28.0,
      "range": 8.0
    },
    "CROSSBOW_SCATTER_CROSSBOW": {
      "material": "iron",
      "drawSpeed": 28.0,
      "range": 8.0
    },
    "CROSSBOW_SLAYER_CROSSBOW": {
      "material": "diamond",
      "drawSpeed": 26.0,
      "range": 8.8
    },
    "CROSSBOW_CORRUPTED_CROSSBOW": {
      "material": "netherite",
      "drawSpeed": 22.0,
      "range": 14.0
    },
    "CROSSBOW_FIREBOLT_THROWER": {
      "material": "iron",
      "drawSpeed": 28.0,
      "range": 7.9
    },
    "CROSSBOW_VOIDCALLER_CROSSBOW": {
      "material": "diamond",
      "drawSpeed": 26.0,
      "range": 12.5
    },
    "CROSSBOW_IMPLODING_CROSSBOW": {
      "material": "iron",
      "drawSpeed": 28.0,
      "range": 8.0
    },
    "CROSSBOW_SPELLBOUND_CROSSBOW": {
      "material": "iron",
      "drawSpeed": 28.0,
      "range": 8.9
    },
    "CROSSBOW_DUAL_CROSSBOW": {
      "material": "iron",
      "drawSpeed": 24.0,
      "range": 7.0
    },
    "CROSSBOW_DOOM_CROSSBOW": {
      "material": "netherite",
      "drawSpeed": 26.0,
      "range": 8.0
    },
    "CROSSBOW_NAUTICAL_CROSSBOW": {
      "material": "diamond",
      "drawSpeed": 24.0,
      "range": 14.0
    },
    "CROSSBOW_SOUL_CROSSBOW": {
      "material": "iron",
      "drawSpeed": 28.0,
      "range": 8.0
    },
    "CROSSBOW_SHADOW_CROSSBOW": {
      "material": "diamond",
      "drawSpeed": 25.0,
      "range": 12.0
    },
    "CROSSBOW_FERAL_SOUL_CROSSBOW": {
      "material": "iron",
      "drawSpeed": 28.0,
      "range": 9.2
    },
    "CROSSBOW_HARPOON_CROSSBOW": {
      "material": "iron",
      "drawSpeed": 28.0,
      "range": 11.0
    },
    "CROSSBOW_THE_SLICER": {
      "material": "iron",
      "drawSpeed": 28.0,
      "range": 10.2
    },
    "CROSSBOW_BABY_CROSSBOW": {
      "material": "iron",
      "drawSpeed": 23.0,
      "range": 7.2
    },
    "CROSSBOW_AUTO_CROSSBOW": {
      "material": "iron",
      "drawSpeed": 28.0,
      "range": 8.0
    }
  },
  "shieldStats": {
    "SHIELD_ROYAL_GUARD": {
      "material": "diamond"
    },
    "SHIELD_VANGUARD": {
      "material": "diamond"
    }
  }
}