{
  "enableEnchantments": {
    "LEVITATION_SHOT": true,
    "ECHO": true,
    "CHARGE": true,
    "TEMPO_THEFT": true,
    "ILLAGERS_BANE": true,
    "COBWEB_SHOT": true,
    "THUNDERING": false,
    "GRAVITY": true,
    "VOID_STRIKE": false,
    "POISON_CLOUD": true,
    "SOUL_DEVOURER": true,
    "FREEZING": true,
    "FUSE_SHOT": true,
    "WEAKENING": true,
    "SHOCKWAVE": true,
    "GROWING": true,
    "CHAIN_REACTION": true,
    "BUZZY_BEE": true,
    "SOUL_SIPHON": true,
    "RADIANCE_SHOT": true,
    "SWIRLING": true,
    "CRITICAL_HIT": true,
    "ACCELERATE": true,
    "EXPLODING": true,
    "POISONING": true,
    "PHANTOMS_MARK": true,
    "MULTI_SHOT": true,
    "SMITING": true,
    "RICOCHET": true,
    "RAMPAGING": true,
    "REFRESHMENT_SHOT": true,
    "DRIPPING_POISON": true,
    "LEECHING": true,
    "GUARDING_STRIKE": true,
    "CHAINS": true,
    "ENIGMA_RESONATOR": true,
    "RADIANCE": true,
    "STUNNING": true,
    "REPLENISH": true,
    "COMMITTED": false,
    "AMBUSH": true,
    "PROSPECTOR": true,
    "VOID_SHOT": false,
    "RUSHDOWN": true,
    "REFRESHMENT": true,
    "ANIMA_CONDUIT": false,
    "BONUS_SHOT": true
  }
}