{
  "entities": {
    "wildfire": {
      "spawn": true,
      "rate": 1,
      "biomes": [
        "minecraft:nether_wastes",
        "minecraft:basalt_deltas",
        "minecraft:crimson_forest",
        "minecraft:soul_sand_valley"
      ],
      "health": 70.0,
      "attacking": {
        "fireballCount": 19,
        "offsetAngle": 4.0,
        "maxDepressAngle": 50.0,
        "doFireballExplosion": false,
        "fireballExplosionPower": 0.3
      }
    },
    "glutton": {
      "spawn": true,
      "rate": 5,
      "biomes": [
        "#swamp",
        "#desert",
        "minecraft:badlands_plateau",
        "minecraft:badlands"
      ],
      "health": 20.0,
      "stealEnchants": true,
      "capEnchants": true,
      "maxEnchants": 5
    },
    "barnacle": {
      "spawn": true,
      "rate": 2,
      "biomes": [
        "minecraft:deep_warm_ocean",
        "minecraft:deep_ocean",
        "minecraft:deep_cold_ocean",
        "minecraft:deep_lukewarm_ocean"
      ],
      "health": 40.0
    },
    "coppergolem": {
      "health": 35.0,
      "oxidationRate": 0.0015
    }
  },
  "misc": {
    "helmetPenalty": 403,
    "givePatchouliBookOnLogin": false
  }
}