{
  "quarry": {
    "QuarryExtenderWorkRadius": {
      "comment": "Quarry Extender Work Radius, added radius to SqrWorkRadius for each level, in blocks",
      "value": [
        8.0,
        16.0,
        24.0,
        30.0
      ]
    },
    "QuarryMaxInput": {
      "comment": "Quarry Max Input (Value in EU)",
      "value": 164
    },
    "QuarryMaxInputOverclockerMultipier": {
      "comment": "Quarry Max Input Multiplier by overclocker upgrades",
      "value": 5.7
    },
    "QuarryMaxEnergy": {
      "comment": "Quarry Max Energy (Value in EU)",
      "value": 100000
    },
    "QuarryAccessibleExcavationModes": {
      "comment": "Quarry Accessible Excavation Modes, 1 - ores only, 2 - all only, 3 - all and ores",
      "value": 3
    },
    "QuarrySqrWorkRadius": {
      "comment": "Do not affect anything anymore",
      "value": 8
    },
    "QuarryTiksPerExcavation": {
      "comment": "Quarry Tiks Per Excavation, 20 ticks - 1 second",
      "value": 20
    },
    "QuarryMinTiksPerExcavation": {
      "comment": "Quarry Min Tiks Per Excavation (with all 4 upgrdes), 20 ticks - 1 second",
      "value": 7
    },
    "QuarryEnergyPerExcavation": {
      "comment": "Quarry Energy Per Excavation (Value in EU)",
      "value": 3700
    },
    "QuarryAdditioanlBlocksToMine": {
      "comment": "Additioanl Blocks to Mine list",
      "value": [
        "minecraft:ancient_debris"
      ]
    }
  }
}